@T,table
Created,2014-04-22 15:58
Author,HortonMachine library
date_format,yyyy-MM-dd HH:mm
@H,timestamp,value_6
ID,,6
Type,Date,Double
Format,yyyy-MM-dd HH:mm,
,1999-10-01 00:00,0.0
,1999-10-02 00:00,0.0
,1999-10-03 00:00,0.0
,1999-10-04 00:00,0.0
,1999-10-05 00:00,0.0
,1999-10-06 00:00,3.0359407065722066
,1999-10-07 00:00,0.0
,1999-10-08 00:00,0.0
,1999-10-09 00:00,0.0
,1999-10-10 00:00,0.0
,1999-10-11 00:00,0.0
,1999-10-12 00:00,0.0
,1999-10-13 00:00,0.0
,1999-10-14 00:00,0.0
,1999-10-15 00:00,0.0
,1999-10-16 00:00,0.0
,1999-10-17 00:00,0.0
,1999-10-18 00:00,0.0
,1999-10-19 00:00,0.0
,1999-10-20 00:00,0.0
,1999-10-21 00:00,0.0
,1999-10-22 00:00,4.185971803863482
,1999-10-23 00:00,1.2539233683887983
,1999-10-24 00:00,4.2369178374708
,1999-10-25 00:00,0.0
,1999-10-26 00:00,0.0
,1999-10-27 00:00,0.0
,1999-10-28 00:00,0.0
,1999-10-29 00:00,11.756689146025318
,1999-10-30 00:00,0.0
,1999-10-31 00:00,0.0
,1999-11-01 00:00,2.6184690734952865
,1999-11-02 00:00,0.0
,1999-11-03 00:00,0.0
,1999-11-04 00:00,4.167521764835229
,1999-11-05 00:00,1.0481885540125495
,1999-11-06 00:00,0.0
,1999-11-07 00:00,0.0
,1999-11-08 00:00,0.0
,1999-11-09 00:00,0.0
,1999-11-10 00:00,0.0
,1999-11-11 00:00,0.0
,1999-11-12 00:00,0.0
,1999-11-13 00:00,0.0
,1999-11-14 00:00,0.0
,1999-11-15 00:00,0.0
,1999-11-16 00:00,0.0
,1999-11-17 00:00,2.979725652495749
,1999-11-18 00:00,5.951822874679752
,1999-11-19 00:00,0.0
,1999-11-20 00:00,0.0
,1999-11-21 00:00,0.0
,1999-11-22 00:00,0.0
,1999-11-23 00:00,0.0
,1999-11-24 00:00,0.0
,1999-11-25 00:00,0.0
,1999-11-26 00:00,0.0
,1999-11-27 00:00,0.0
,1999-11-28 00:00,0.0
,1999-11-29 00:00,0.0
,1999-11-30 00:00,0.0
,1999-12-01 00:00,0.0
,1999-12-02 00:00,0.0
,1999-12-03 00:00,0.0
,1999-12-04 00:00,0.0
,1999-12-05 00:00,0.0
,1999-12-06 00:00,0.0
,1999-12-07 00:00,0.0
,1999-12-08 00:00,0.0
,1999-12-09 00:00,0.0
,1999-12-10 00:00,0.0
,1999-12-11 00:00,0.0
,1999-12-12 00:00,0.0
,1999-12-13 00:00,0.0
,1999-12-14 00:00,0.0
,1999-12-15 00:00,0.0
,1999-12-16 00:00,0.0
,1999-12-17 00:00,0.0
,1999-12-18 00:00,0.0
,1999-12-19 00:00,0.0
,1999-12-20 00:00,0.0
,1999-12-21 00:00,0.0
,1999-12-22 00:00,0.0
,1999-12-23 00:00,0.0
,1999-12-24 00:00,0.0
,1999-12-25 00:00,0.0
,1999-12-26 00:00,0.0
,1999-12-27 00:00,0.0
,1999-12-28 00:00,0.0
,1999-12-29 00:00,0.0
,1999-12-30 00:00,0.0
,1999-12-31 00:00,0.0
,2000-01-01 00:00,0.0
,2000-01-02 00:00,0.0
,2000-01-03 00:00,0.0
,2000-01-04 00:00,0.0
,2000-01-05 00:00,0.0
,2000-01-06 00:00,0.0
,2000-01-07 00:00,0.0
,2000-01-08 00:00,0.0
,2000-01-09 00:00,0.0
,2000-01-10 00:00,0.0
,2000-01-11 00:00,0.0
,2000-01-12 00:00,0.0
,2000-01-13 00:00,0.0
,2000-01-14 00:00,0.0
,2000-01-15 00:00,0.0
,2000-01-16 00:00,0.0
,2000-01-17 00:00,0.0
,2000-01-18 00:00,0.0
,2000-01-19 00:00,0.0
,2000-01-20 00:00,0.0
,2000-01-21 00:00,0.0
,2000-01-22 00:00,0.0
,2000-01-23 00:00,0.0
,2000-01-24 00:00,0.0
,2000-01-25 00:00,0.0
,2000-01-26 00:00,0.0
,2000-01-27 00:00,0.0
,2000-01-28 00:00,0.0
,2000-01-29 00:00,0.0
,2000-01-30 00:00,0.0
,2000-01-31 00:00,0.0
,2000-02-01 00:00,0.0
,2000-02-02 00:00,0.0
,2000-02-03 00:00,0.0
,2000-02-04 00:00,0.0
,2000-02-05 00:00,0.0
,2000-02-06 00:00,0.0
,2000-02-07 00:00,0.0
,2000-02-08 00:00,0.0
,2000-02-09 00:00,0.0
,2000-02-10 00:00,0.0
,2000-02-11 00:00,0.0
,2000-02-12 00:00,0.0
,2000-02-13 00:00,0.0
,2000-02-14 00:00,0.0
,2000-02-15 00:00,0.0
,2000-02-16 00:00,0.0
,2000-02-17 00:00,0.0
,2000-02-18 00:00,0.0
,2000-02-19 00:00,0.0
,2000-02-20 00:00,0.0
,2000-02-21 00:00,0.0
,2000-02-22 00:00,0.0
,2000-02-23 00:00,0.0
,2000-02-24 00:00,0.0
,2000-02-25 00:00,0.0
,2000-02-26 00:00,0.0
,2000-02-27 00:00,0.0
,2000-02-28 00:00,0.0
,2000-02-29 00:00,0.0
,2000-03-01 00:00,0.0
,2000-03-02 00:00,0.0
,2000-03-03 00:00,0.0
,2000-03-04 00:00,0.0
,2000-03-05 00:00,0.0
,2000-03-06 00:00,0.0
,2000-03-07 00:00,0.0
,2000-03-08 00:00,0.0
,2000-03-09 00:00,0.0
,2000-03-10 00:00,0.0
,2000-03-11 00:00,0.0
,2000-03-12 00:00,0.0
,2000-03-13 00:00,0.0
,2000-03-14 00:00,0.0
,2000-03-15 00:00,0.0
,2000-03-16 00:00,0.0
,2000-03-17 00:00,0.0
,2000-03-18 00:00,0.0
,2000-03-19 00:00,0.0
,2000-03-20 00:00,0.0
,2000-03-21 00:00,0.0
,2000-03-22 00:00,0.0
,2000-03-23 00:00,0.0
,2000-03-24 00:00,0.0
,2000-03-25 00:00,0.0
,2000-03-26 00:00,0.0
,2000-03-27 00:00,0.0
,2000-03-28 00:00,0.0
,2000-03-29 00:00,0.0
,2000-03-30 00:00,0.0
,2000-03-31 00:00,0.0
,2000-04-01 00:00,0.0
,2000-04-02 00:00,0.0
,2000-04-03 00:00,0.0
,2000-04-04 00:00,0.0
,2000-04-05 00:00,0.0
,2000-04-06 00:00,0.0
,2000-04-07 00:00,0.0
,2000-04-08 00:00,0.0
,2000-04-09 00:00,0.0
,2000-04-10 00:00,0.0
,2000-04-11 00:00,0.0
,2000-04-12 00:00,0.0
,2000-04-13 00:00,0.0
,2000-04-14 00:00,0.0
,2000-04-15 00:00,0.0
,2000-04-16 00:00,0.0
,2000-04-17 00:00,0.0
,2000-04-18 00:00,0.0
,2000-04-19 00:00,0.0
,2000-04-20 00:00,0.0
,2000-04-21 00:00,0.0
,2000-04-22 00:00,0.0
,2000-04-23 00:00,0.0
,2000-04-24 00:00,0.0
,2000-04-25 00:00,0.0
,2000-04-26 00:00,0.0
,2000-04-27 00:00,0.0
,2000-04-28 00:00,0.0
,2000-04-29 00:00,0.0
,2000-04-30 00:00,0.0
,2000-05-01 00:00,0.0
,2000-05-02 00:00,1.6953382934837862
,2000-05-03 00:00,15.701522549698836
,2000-05-04 00:00,17.053357810087675
,2000-05-05 00:00,24.82768269409823
,2000-05-06 00:00,31.14193190309257
,2000-05-07 00:00,22.570620630998405
,2000-05-08 00:00,20.45588969459908
,2000-05-09 00:00,0.5723268095348715
,2000-05-10 00:00,10.389734953836836
,2000-05-11 00:00,27.348298415500096
,2000-05-12 00:00,0.0
,2000-05-13 00:00,0.0
,2000-05-14 00:00,0.0
,2000-05-15 00:00,12.751223648185487
,2000-05-16 00:00,17.053357810087675
,2000-05-17 00:00,30.134322527907017
,2000-05-18 00:00,0.0
,2000-05-19 00:00,0.0
,2000-05-20 00:00,1.3187839298936126
,2000-05-21 00:00,13.131504656714895
,2000-05-22 00:00,20.283388797849938
,2000-05-23 00:00,23.07218997835392
,2000-05-24 00:00,26.83396008352028
,2000-05-25 00:00,13.542372378599026
,2000-05-26 00:00,31.130188060025603
,2000-05-27 00:00,15.892826079938828
,2000-05-28 00:00,24.159690806807532
,2000-05-29 00:00,28.087883451909107
,2000-05-30 00:00,37.182099902996725
,2000-05-31 00:00,37.3669163779862
,2000-06-01 00:00,32.10043823075324
,2000-06-02 00:00,17.80571183112093
,2000-06-03 00:00,16.551788462732134
,2000-06-04 00:00,20.062773894220783
,2000-06-05 00:00,17.053357810087647
,2000-06-06 00:00,20.815127915254067
,2000-06-07 00:00,27.837098778231322
,2000-06-08 00:00,25.329252041453728
,2000-06-09 00:00,26.081606062487012
,2000-06-10 00:00,21.818266609965093
,2000-06-11 00:00,19.059635199509735
,2000-06-12 00:00,21.065912588931816
,2000-06-13 00:00,27.08474475719805
,2000-06-14 00:00,12.037664336532462
,2000-06-15 00:00,19.05963519950974
,2000-06-16 00:00,21.81826660996509
,2000-06-17 00:00,3.2602007578108765
,2000-06-18 00:00,13.550242133228378
,2000-06-19 00:00,26.83910859678704
,2000-06-20 00:00,13.622220579000281
,2000-06-21 00:00,8.990462923338004
,2000-06-22 00:00,0.0
,2000-06-23 00:00,3.0756819932130433
,2000-06-24 00:00,3.074691040771669
,2000-06-25 00:00,0.0
,2000-06-26 00:00,0.0
,2000-06-27 00:00,0.0
,2000-06-28 00:00,0.0
,2000-06-29 00:00,3.0527741236987223
,2000-06-30 00:00,0.0
,2000-07-01 00:00,0.0
,2000-07-02 00:00,0.0
,2000-07-03 00:00,3.0885126997456385
,2000-07-04 00:00,0.0
,2000-07-05 00:00,0.0
,2000-07-06 00:00,0.0
,2000-07-07 00:00,0.0
,2000-07-08 00:00,0.0
,2000-07-09 00:00,0.0
,2000-07-10 00:00,0.0
,2000-07-11 00:00,0.0
,2000-07-12 00:00,0.0
,2000-07-13 00:00,0.0
,2000-07-14 00:00,0.0
,2000-07-15 00:00,3.0990056714984004
,2000-07-16 00:00,0.0
,2000-07-17 00:00,3.0756819932130433
,2000-07-18 00:00,15.27833497244614
,2000-07-19 00:00,6.164218832594682
,2000-07-20 00:00,3.0794587969868363
,2000-07-21 00:00,0.0
,2000-07-22 00:00,0.0
,2000-07-23 00:00,0.0
,2000-07-24 00:00,3.103357729917549
,2000-07-25 00:00,0.0
,2000-07-26 00:00,0.0
,2000-07-27 00:00,0.0
,2000-07-28 00:00,0.0
,2000-07-29 00:00,0.0
,2000-07-30 00:00,0.0
,2000-07-31 00:00,0.0
,2000-08-01 00:00,0.0
,2000-08-02 00:00,3.1048648438315367
,2000-08-03 00:00,0.0
,2000-08-04 00:00,3.0966268295406496
,2000-08-05 00:00,0.0
,2000-08-06 00:00,0.0
,2000-08-07 00:00,0.0
,2000-08-08 00:00,0.0
,2000-08-09 00:00,0.0
,2000-08-10 00:00,0.0
,2000-08-11 00:00,0.0
,2000-08-12 00:00,0.0
,2000-08-13 00:00,0.0
,2000-08-14 00:00,0.0
,2000-08-15 00:00,0.0
,2000-08-16 00:00,6.186874156060096
,2000-08-17 00:00,15.373455203858342
,2000-08-18 00:00,3.0414539526996904
,2000-08-19 00:00,3.067164155756843
,2000-08-20 00:00,0.0
,2000-08-21 00:00,6.1410458664116945
,2000-08-22 00:00,0.0
,2000-08-23 00:00,9.167000983467686
,2000-08-24 00:00,0.0
,2000-08-25 00:00,0.0
,2000-08-26 00:00,33.79913988317753
,2000-08-27 00:00,3.049738782030042
,2000-08-28 00:00,0.0
,2000-08-29 00:00,0.0
,2000-08-30 00:00,6.147360538589099
,2000-08-31 00:00,0.0
,2000-09-01 00:00,3.051274908224365
,2000-09-02 00:00,0.0
,2000-09-03 00:00,0.0
,2000-09-04 00:00,0.0
,2000-09-05 00:00,0.0
,2000-09-06 00:00,3.0885126997456385
,2000-09-07 00:00,0.0
,2000-09-08 00:00,0.0
,2000-09-09 00:00,0.0
,2000-09-10 00:00,0.0
,2000-09-11 00:00,0.0
,2000-09-12 00:00,0.0
,2000-09-13 00:00,0.0
,2000-09-14 00:00,0.0
,2000-09-15 00:00,0.0
,2000-09-16 00:00,0.0
,2000-09-17 00:00,3.0854244972741394
,2000-09-18 00:00,0.0
,2000-09-19 00:00,0.0
,2000-09-20 00:00,12.143762826288826
,2000-09-21 00:00,0.0
,2000-09-22 00:00,40.814728461860604
,2000-09-23 00:00,12.91775651235251
,2000-09-24 00:00,0.0
,2000-09-25 00:00,0.0
,2000-09-26 00:00,0.0
,2000-09-27 00:00,0.710838230845928
,2000-09-28 00:00,13.040803031243504
,2000-09-29 00:00,18.056496504798698
,2000-09-30 00:00,0.45598648156906113
,2000-10-01 00:00,0.0
,2000-10-02 00:00,0.0
,2000-10-03 00:00,0.0
,2000-10-04 00:00,0.0
,2000-10-05 00:00,0.0
,2000-10-06 00:00,0.0
,2000-10-07 00:00,0.0
,2000-10-08 00:00,0.0
,2000-10-09 00:00,0.0
,2000-10-10 00:00,0.0
,2000-10-11 00:00,0.0
,2000-10-12 00:00,0.0
,2000-10-13 00:00,0.0
,2000-10-14 00:00,2.869285817599819
,2000-10-15 00:00,0.0
,2000-10-16 00:00,0.0
,2000-10-17 00:00,0.0
,2000-10-18 00:00,0.0
,2000-10-19 00:00,0.0
,2000-10-20 00:00,0.0
,2000-10-21 00:00,0.0
,2000-10-22 00:00,0.0
,2000-10-23 00:00,0.0
,2000-10-24 00:00,0.0
,2000-10-25 00:00,2.7262268944660613
,2000-10-26 00:00,5.162193694407115
,2000-10-27 00:00,0.0
,2000-10-28 00:00,0.0
,2000-10-29 00:00,0.4017456476206357
,2000-10-30 00:00,8.822381742375217
,2000-10-31 00:00,0.0
,2000-11-01 00:00,0.0
,2000-11-02 00:00,0.0
,2000-11-03 00:00,0.0
,2000-11-04 00:00,0.0
,2000-11-05 00:00,0.0
,2000-11-06 00:00,0.0
,2000-11-07 00:00,0.0
,2000-11-08 00:00,0.0
,2000-11-09 00:00,0.0
,2000-11-10 00:00,0.0
,2000-11-11 00:00,0.0
,2000-11-12 00:00,0.0
,2000-11-13 00:00,0.0
,2000-11-14 00:00,0.0
,2000-11-15 00:00,0.0
,2000-11-16 00:00,0.0
,2000-11-17 00:00,0.0
,2000-11-18 00:00,0.0
,2000-11-19 00:00,0.0
,2000-11-20 00:00,0.0
,2000-11-21 00:00,0.0
,2000-11-22 00:00,0.0
,2000-11-23 00:00,0.0
,2000-11-24 00:00,0.0
,2000-11-25 00:00,0.0
,2000-11-26 00:00,0.0
,2000-11-27 00:00,0.0
,2000-11-28 00:00,0.0
,2000-11-29 00:00,0.0
,2000-11-30 00:00,0.0
,2000-12-01 00:00,0.0
,2000-12-02 00:00,0.0
,2000-12-03 00:00,0.0
,2000-12-04 00:00,0.0
,2000-12-05 00:00,0.0
,2000-12-06 00:00,0.0
,2000-12-07 00:00,0.0
,2000-12-08 00:00,0.0
,2000-12-09 00:00,0.0
,2000-12-10 00:00,0.0
,2000-12-11 00:00,0.0
,2000-12-12 00:00,0.0
,2000-12-13 00:00,0.0
,2000-12-14 00:00,0.0
,2000-12-15 00:00,0.0
,2000-12-16 00:00,0.0
,2000-12-17 00:00,0.0
,2000-12-18 00:00,0.0
,2000-12-19 00:00,0.0
,2000-12-20 00:00,0.0
,2000-12-21 00:00,0.0
,2000-12-22 00:00,0.0
,2000-12-23 00:00,0.0
,2000-12-24 00:00,0.0
,2000-12-25 00:00,0.0
,2000-12-26 00:00,0.0
,2000-12-27 00:00,0.0
,2000-12-28 00:00,0.0
,2000-12-29 00:00,0.0
,2000-12-30 00:00,0.0
,2000-12-31 00:00,0.0
,2001-01-01 00:00,0.0
,2001-01-02 00:00,0.0
,2001-01-03 00:00,0.0
,2001-01-04 00:00,0.0
,2001-01-05 00:00,0.0
,2001-01-06 00:00,0.0
,2001-01-07 00:00,0.0
,2001-01-08 00:00,0.0
,2001-01-09 00:00,0.0
,2001-01-10 00:00,0.0
,2001-01-11 00:00,0.0
,2001-01-12 00:00,0.0
,2001-01-13 00:00,0.0
,2001-01-14 00:00,0.0
,2001-01-15 00:00,0.0
,2001-01-16 00:00,0.0
,2001-01-17 00:00,0.0
,2001-01-18 00:00,0.0
,2001-01-19 00:00,0.0
,2001-01-20 00:00,0.0
,2001-01-21 00:00,0.0
,2001-01-22 00:00,0.0
,2001-01-23 00:00,0.0
,2001-01-24 00:00,0.0
,2001-01-25 00:00,0.0
,2001-01-26 00:00,0.0
,2001-01-27 00:00,0.0
,2001-01-28 00:00,0.0
,2001-01-29 00:00,0.0
,2001-01-30 00:00,0.0
,2001-01-31 00:00,0.0
,2001-02-01 00:00,0.0
,2001-02-02 00:00,0.0
,2001-02-03 00:00,0.0
,2001-02-04 00:00,0.0
,2001-02-05 00:00,0.0
,2001-02-06 00:00,0.0
,2001-02-07 00:00,0.0
,2001-02-08 00:00,0.0
,2001-02-09 00:00,0.0
,2001-02-10 00:00,0.0
,2001-02-11 00:00,0.0
,2001-02-12 00:00,0.0
,2001-02-13 00:00,0.0
,2001-02-14 00:00,0.0
,2001-02-15 00:00,0.0
,2001-02-16 00:00,0.0
,2001-02-17 00:00,0.0
,2001-02-18 00:00,0.0
,2001-02-19 00:00,0.0
,2001-02-20 00:00,0.0
,2001-02-21 00:00,0.0
,2001-02-22 00:00,0.0
,2001-02-23 00:00,0.0
,2001-02-24 00:00,0.0
,2001-02-25 00:00,0.0
,2001-02-26 00:00,0.0
,2001-02-27 00:00,0.0
,2001-02-28 00:00,0.0
,2001-03-01 00:00,0.0
,2001-03-02 00:00,0.0
,2001-03-03 00:00,0.0
,2001-03-04 00:00,0.0
,2001-03-05 00:00,0.0
,2001-03-06 00:00,0.0
,2001-03-07 00:00,0.0
,2001-03-08 00:00,0.0
,2001-03-09 00:00,0.0
,2001-03-10 00:00,0.0
,2001-03-11 00:00,0.0
,2001-03-12 00:00,0.0
,2001-03-13 00:00,0.0
,2001-03-14 00:00,0.0
,2001-03-15 00:00,0.0
,2001-03-16 00:00,0.0
,2001-03-17 00:00,0.0
,2001-03-18 00:00,0.0
,2001-03-19 00:00,0.0
,2001-03-20 00:00,0.0
,2001-03-21 00:00,0.0
,2001-03-22 00:00,0.0
,2001-03-23 00:00,0.0
,2001-03-24 00:00,0.0
,2001-03-25 00:00,0.0
,2001-03-26 00:00,0.0
,2001-03-27 00:00,0.0
,2001-03-28 00:00,0.0
,2001-03-29 00:00,0.0
,2001-03-30 00:00,0.0
,2001-03-31 00:00,0.0
,2001-04-01 00:00,0.0
,2001-04-02 00:00,0.0
,2001-04-03 00:00,0.0
,2001-04-04 00:00,0.0
,2001-04-05 00:00,0.0
,2001-04-06 00:00,0.0
,2001-04-07 00:00,0.0
,2001-04-08 00:00,0.0
,2001-04-09 00:00,0.0
,2001-04-10 00:00,0.0
,2001-04-11 00:00,0.0
,2001-04-12 00:00,0.0
,2001-04-13 00:00,0.0
,2001-04-14 00:00,0.0
,2001-04-15 00:00,0.0
,2001-04-16 00:00,0.0
,2001-04-17 00:00,0.0
,2001-04-18 00:00,0.0
,2001-04-19 00:00,0.0
,2001-04-20 00:00,0.0
,2001-04-21 00:00,0.0
,2001-04-22 00:00,0.0
,2001-04-23 00:00,0.0
,2001-04-24 00:00,0.0
,2001-04-25 00:00,0.0
,2001-04-26 00:00,0.0
,2001-04-27 00:00,0.0
,2001-04-28 00:00,0.0
,2001-04-29 00:00,0.0
,2001-04-30 00:00,0.0
,2001-05-01 00:00,0.0
,2001-05-02 00:00,0.0
,2001-05-03 00:00,0.0
,2001-05-04 00:00,0.0
,2001-05-05 00:00,0.0
,2001-05-06 00:00,0.0
,2001-05-07 00:00,0.0
,2001-05-08 00:00,0.0
,2001-05-09 00:00,0.0
,2001-05-10 00:00,0.0
,2001-05-11 00:00,0.0
,2001-05-12 00:00,0.0
,2001-05-13 00:00,0.0
,2001-05-14 00:00,0.0
,2001-05-15 00:00,0.0
,2001-05-16 00:00,0.0
,2001-05-17 00:00,0.0
,2001-05-18 00:00,0.0
,2001-05-19 00:00,0.0
,2001-05-20 00:00,0.0
,2001-05-21 00:00,0.0
,2001-05-22 00:00,0.0
,2001-05-23 00:00,0.0
,2001-05-24 00:00,0.0
,2001-05-25 00:00,0.0
,2001-05-26 00:00,0.0
,2001-05-27 00:00,0.0
,2001-05-28 00:00,0.0
,2001-05-29 00:00,0.0
,2001-05-30 00:00,0.0
,2001-05-31 00:00,0.0
,2001-06-01 00:00,0.0
,2001-06-02 00:00,3.5270067870435184
,2001-06-03 00:00,6.018832168266215
,2001-06-04 00:00,23.573759325709403
,2001-06-05 00:00,0.0
,2001-06-06 00:00,0.2507846736777708
,2001-06-07 00:00,19.522248164323514
,2001-06-08 00:00,14.933120031233415
,2001-06-09 00:00,0.0
,2001-06-10 00:00,7.02197086297727
,2001-06-11 00:00,8.275894231366067
,2001-06-12 00:00,32.40101699841611
,2001-06-13 00:00,27.084744757198052
,2001-06-14 00:00,0.0
,2001-06-15 00:00,0.0
,2001-06-16 00:00,3.251248811127823
,2001-06-17 00:00,18.87371773356793
,2001-06-18 00:00,23.068696995985192
,2001-06-19 00:00,28.840237472942363
,2001-06-20 00:00,0.0
,2001-06-21 00:00,3.7528701473985393
,2001-06-22 00:00,0.2507846736777708
,2001-06-23 00:00,4.514124126199675
,2001-06-24 00:00,9.529817599754864
,2001-06-25 00:00,21.818266609965093
,2001-06-26 00:00,27.837098778231336
,2001-06-27 00:00,13.291587704921255
,2001-06-28 00:00,21.043811679044282
,2001-06-29 00:00,12.539233683887986
,2001-06-30 00:00,13.542372378599026
,2001-07-01 00:00,21.818266609965093
,2001-07-02 00:00,15.548649768021093
,2001-07-03 00:00,21.818266609965093
,2001-07-04 00:00,11.786879662854702
,2001-07-05 00:00,18.0564965047987
,2001-07-06 00:00,17.80571183112093
,2001-07-07 00:00,23.573759325709403
,2001-07-08 00:00,27.10928104454898
,2001-07-09 00:00,25.309201173242556
,2001-07-10 00:00,32.41124293936497
,2001-07-11 00:00,23.11082467962668
,2001-07-12 00:00,21.818266609965086
,2001-07-13 00:00,21.065912588931823
,2001-07-14 00:00,17.304142483765414
,2001-07-15 00:00,24.15969080680754
,2001-07-16 00:00,18.056496504798695
,2001-07-17 00:00,13.793157052276786
,2001-07-18 00:00,25.329252041453724
,2001-07-19 00:00,5.3736194441836025
,2001-07-20 00:00,0.0
,2001-07-21 00:00,0.0
,2001-07-22 00:00,0.0
,2001-07-23 00:00,0.0
,2001-07-24 00:00,0.0
,2001-07-25 00:00,3.008505677196192
,2001-07-26 00:00,0.0
,2001-07-27 00:00,0.0
,2001-07-28 00:00,9.017186515617512
,2001-07-29 00:00,0.0
,2001-07-30 00:00,0.0
,2001-07-31 00:00,0.0
,2001-08-01 00:00,0.0
,2001-08-02 00:00,2.9678254353259637
,2001-08-03 00:00,0.0
,2001-08-04 00:00,0.0
,2001-08-05 00:00,0.0
,2001-08-06 00:00,0.0
,2001-08-07 00:00,0.0
,2001-08-08 00:00,3.032007762163769
,2001-08-09 00:00,0.0
,2001-08-10 00:00,9.107822119716621
,2001-08-11 00:00,12.111392923416151
,2001-08-12 00:00,2.8863005707991367
,2001-08-13 00:00,0.0
,2001-08-14 00:00,0.0
,2001-08-15 00:00,0.0
,2001-08-16 00:00,8.927734312019627
,2001-08-17 00:00,8.120374111880716
,2001-08-18 00:00,0.0
,2001-08-19 00:00,0.0
,2001-08-20 00:00,0.0
,2001-08-21 00:00,0.0
,2001-08-22 00:00,0.0
,2001-08-23 00:00,0.0
,2001-08-24 00:00,2.9153377472757573
,2001-08-25 00:00,0.0
,2001-08-26 00:00,0.0
,2001-08-27 00:00,2.894135854273222
,2001-08-28 00:00,0.0
,2001-08-29 00:00,0.0
,2001-08-30 00:00,0.0
,2001-08-31 00:00,0.0
,2001-09-01 00:00,2.921726864545522
,2001-09-02 00:00,5.9270705162868
,2001-09-03 00:00,3.0340013923478084
,2001-09-04 00:00,0.0
,2001-09-05 00:00,0.0
,2001-09-06 00:00,0.0
,2001-09-07 00:00,0.0
,2001-09-08 00:00,0.0
,2001-09-09 00:00,0.0
,2001-09-10 00:00,0.0
,2001-09-11 00:00,0.0
,2001-09-12 00:00,4.591358966826327
,2001-09-13 00:00,0.0
,2001-09-14 00:00,11.285102359838369
,2001-09-15 00:00,17.040034926791982
,2001-09-16 00:00,6.771186189299513
,2001-09-17 00:00,3.7617701051663954
,2001-09-18 00:00,11.089225934188883
,2001-09-19 00:00,15.892826079938846
,2001-09-20 00:00,25.614686259155008
,2001-09-21 00:00,0.7436004674663423
,2001-09-22 00:00,0.0
,2001-09-23 00:00,0.0
,2001-09-24 00:00,0.0
,2001-09-25 00:00,0.0
,2001-09-26 00:00,0.0
,2001-09-27 00:00,0.0
,2001-09-28 00:00,0.0
,2001-09-29 00:00,0.0
,2001-09-30 00:00,0.0
,2001-10-01 00:00,0.0
,2001-10-02 00:00,0.0
,2001-10-03 00:00,0.0
,2001-10-04 00:00,0.0
,2001-10-05 00:00,0.0
,2001-10-06 00:00,0.0
,2001-10-07 00:00,0.0
,2001-10-08 00:00,0.0
,2001-10-09 00:00,0.0
,2001-10-10 00:00,0.0
,2001-10-11 00:00,1.4209012435017672
,2001-10-12 00:00,0.0
,2001-10-13 00:00,0.0
,2001-10-14 00:00,0.0
,2001-10-15 00:00,0.0
,2001-10-16 00:00,0.0
,2001-10-17 00:00,0.0
,2001-10-18 00:00,0.0
,2001-10-19 00:00,0.0
,2001-10-20 00:00,1.8239504993327493
,2001-10-21 00:00,1.0031386947110388
,2001-10-22 00:00,10.282171620788144
,2001-10-23 00:00,11.786879662854705
,2001-10-24 00:00,7.021970862977271
,2001-10-25 00:00,1.0031386947110388
,2001-10-26 00:00,0.0
,2001-10-27 00:00,0.0
,2001-10-28 00:00,0.0
,2001-10-29 00:00,1.3113737708409428
,2001-10-30 00:00,14.796295746987823
,2001-10-31 00:00,1.1621826797014063
,2001-11-01 00:00,0.0
,2001-11-02 00:00,0.0
,2001-11-03 00:00,3.6154458867306536
,2001-11-04 00:00,0.0
,2001-11-05 00:00,0.5011274415762826
,2001-11-06 00:00,0.0
,2001-11-07 00:00,0.5158329210801815
,2001-11-08 00:00,0.0
,2001-11-09 00:00,0.0
,2001-11-10 00:00,10.389734953836816
,2001-11-11 00:00,0.0
,2001-11-12 00:00,0.0
,2001-11-13 00:00,0.0
,2001-11-14 00:00,0.6352311261617296
,2001-11-15 00:00,3.7617701051663954
,2001-11-16 00:00,1.5047080420665577
,2001-11-17 00:00,0.0
,2001-11-18 00:00,0.0
,2001-11-19 00:00,0.0
,2001-11-20 00:00,2.613527854105481
,2001-11-21 00:00,0.0
,2001-11-22 00:00,0.0
,2001-11-23 00:00,0.0
,2001-11-24 00:00,0.0
,2001-11-25 00:00,0.0
,2001-11-26 00:00,0.0
,2001-11-27 00:00,0.0
,2001-11-28 00:00,0.0
,2001-11-29 00:00,0.0
,2001-11-30 00:00,0.0
,2001-12-01 00:00,0.0
,2001-12-02 00:00,0.0
,2001-12-03 00:00,0.0
,2001-12-04 00:00,0.0
,2001-12-05 00:00,0.0
,2001-12-06 00:00,0.0
,2001-12-07 00:00,0.0
,2001-12-08 00:00,0.0
,2001-12-09 00:00,0.0
,2001-12-10 00:00,0.0
,2001-12-11 00:00,0.0
,2001-12-12 00:00,0.0
,2001-12-13 00:00,0.0
,2001-12-14 00:00,0.0
,2001-12-15 00:00,0.0
,2001-12-16 00:00,0.0
,2001-12-17 00:00,0.0
,2001-12-18 00:00,0.0
,2001-12-19 00:00,0.0
,2001-12-20 00:00,0.0
,2001-12-21 00:00,0.0
,2001-12-22 00:00,0.0
,2001-12-23 00:00,0.0
,2001-12-24 00:00,0.0
,2001-12-25 00:00,0.0
,2001-12-26 00:00,0.0
,2001-12-27 00:00,0.0
,2001-12-28 00:00,0.0
,2001-12-29 00:00,0.0
,2001-12-30 00:00,0.0
,2001-12-31 00:00,0.0
,2002-01-01 00:00,0.0
,2002-01-02 00:00,0.0
,2002-01-03 00:00,0.0
,2002-01-04 00:00,0.0
,2002-01-05 00:00,0.0
,2002-01-06 00:00,0.0
,2002-01-07 00:00,0.0
,2002-01-08 00:00,0.0
,2002-01-09 00:00,0.0
,2002-01-10 00:00,0.0
,2002-01-11 00:00,0.0
,2002-01-12 00:00,0.0
,2002-01-13 00:00,0.0
,2002-01-14 00:00,0.0
,2002-01-15 00:00,0.0
,2002-01-16 00:00,0.0
,2002-01-17 00:00,0.0
,2002-01-18 00:00,0.0
,2002-01-19 00:00,0.0
,2002-01-20 00:00,0.0
,2002-01-21 00:00,0.0
,2002-01-22 00:00,0.0
,2002-01-23 00:00,0.0
,2002-01-24 00:00,0.0
,2002-01-25 00:00,0.0
,2002-01-26 00:00,0.0
,2002-01-27 00:00,0.0
,2002-01-28 00:00,0.0
,2002-01-29 00:00,0.0
,2002-01-30 00:00,0.0
,2002-01-31 00:00,0.0
,2002-02-01 00:00,0.0
,2002-02-02 00:00,0.0
,2002-02-03 00:00,0.0
,2002-02-04 00:00,0.0
,2002-02-05 00:00,0.0
,2002-02-06 00:00,0.0
,2002-02-07 00:00,0.0
,2002-02-08 00:00,0.0
,2002-02-09 00:00,0.0
,2002-02-10 00:00,0.0
,2002-02-11 00:00,0.0
,2002-02-12 00:00,0.0
,2002-02-13 00:00,0.0
,2002-02-14 00:00,0.0
,2002-02-15 00:00,0.0
,2002-02-16 00:00,0.0
,2002-02-17 00:00,0.0
,2002-02-18 00:00,0.0
,2002-02-19 00:00,0.0
,2002-02-20 00:00,0.0
,2002-02-21 00:00,0.0
,2002-02-22 00:00,0.0
,2002-02-23 00:00,0.0
,2002-02-24 00:00,0.0
,2002-02-25 00:00,0.0
,2002-02-26 00:00,0.0
,2002-02-27 00:00,0.0
,2002-02-28 00:00,0.0
,2002-03-01 00:00,0.0
,2002-03-02 00:00,0.0
,2002-03-03 00:00,0.0
,2002-03-04 00:00,0.0
,2002-03-05 00:00,0.0
,2002-03-06 00:00,0.0
,2002-03-07 00:00,0.0
,2002-03-08 00:00,0.0
,2002-03-09 00:00,0.0
,2002-03-10 00:00,0.0
,2002-03-11 00:00,0.0
,2002-03-12 00:00,0.0
,2002-03-13 00:00,0.0
,2002-03-14 00:00,0.0
,2002-03-15 00:00,0.0
,2002-03-16 00:00,0.0
,2002-03-17 00:00,0.0
,2002-03-18 00:00,0.0
,2002-03-19 00:00,0.0
,2002-03-20 00:00,0.0
,2002-03-21 00:00,0.0
,2002-03-22 00:00,0.0
,2002-03-23 00:00,0.0
,2002-03-24 00:00,0.0
,2002-03-25 00:00,0.0
,2002-03-26 00:00,0.0
,2002-03-27 00:00,0.0
,2002-03-28 00:00,0.0
,2002-03-29 00:00,0.0
,2002-03-30 00:00,0.0
,2002-03-31 00:00,0.0
,2002-04-01 00:00,0.0
,2002-04-02 00:00,0.0
,2002-04-03 00:00,0.0
,2002-04-04 00:00,0.0
,2002-04-05 00:00,0.0
,2002-04-06 00:00,0.0
,2002-04-07 00:00,0.0
,2002-04-08 00:00,0.0
,2002-04-09 00:00,0.0
,2002-04-10 00:00,0.0
,2002-04-11 00:00,0.0
,2002-04-12 00:00,0.0
,2002-04-13 00:00,0.0
,2002-04-14 00:00,0.0
,2002-04-15 00:00,0.0
,2002-04-16 00:00,0.0
,2002-04-17 00:00,0.0
,2002-04-18 00:00,0.0
,2002-04-19 00:00,0.0
,2002-04-20 00:00,0.0
,2002-04-21 00:00,0.0
,2002-04-22 00:00,0.0
,2002-04-23 00:00,0.0
,2002-04-24 00:00,0.0
,2002-04-25 00:00,0.0
,2002-04-26 00:00,0.0
,2002-04-27 00:00,0.0
,2002-04-28 00:00,0.0
,2002-04-29 00:00,0.0
,2002-04-30 00:00,0.0
,2002-05-01 00:00,0.0
,2002-05-02 00:00,0.0
,2002-05-03 00:00,15.242721009977572
,2002-05-04 00:00,0.0
,2002-05-05 00:00,0.0
,2002-05-06 00:00,2.758319476964118
,2002-05-07 00:00,5.015693473555189
,2002-05-08 00:00,12.288449010210229
,2002-05-09 00:00,13.040803031243485
,2002-05-10 00:00,17.80571183112096
,2002-05-11 00:00,0.0
,2002-05-12 00:00,0.0
,2002-05-13 00:00,5.671125571465154
,2002-05-14 00:00,2.920185246097901
,2002-05-15 00:00,0.0
,2002-05-16 00:00,7.86746489733153
,2002-05-17 00:00,15.957260382405735
,2002-05-18 00:00,9.529817599754864
,2002-05-19 00:00,4.931250952973798
,2002-05-20 00:00,6.520401515621742
,2002-05-21 00:00,14.294726399632282
,2002-05-22 00:00,14.29472639963231
,2002-05-23 00:00,13.542372378599026
,2002-05-24 00:00,11.034525641821432
,2002-05-25 00:00,0.0
,2002-05-26 00:00,0.0
,2002-05-27 00:00,0.0
,2002-05-28 00:00,10.135223439060724
,2002-05-29 00:00,12.790018357565742
,2002-05-30 00:00,11.285310315499174
,2002-05-31 00:00,16.72342928884737
,2002-06-01 00:00,18.808850525831986
,2002-06-02 00:00,29.630392401193376
,2002-06-03 00:00,24.8276826940982
,2002-06-04 00:00,26.833960083520296
,2002-06-05 00:00,28.118040801683698
,2002-06-06 00:00,10.532956294465905
,2002-06-07 00:00,4.764908799877432
,2002-06-08 00:00,20.430914104253063
,2002-06-09 00:00,24.827682694098208
,2002-06-10 00:00,31.0972995360422
,2002-06-11 00:00,38.620839746375
,2002-06-12 00:00,36.86534703063067
,2002-06-13 00:00,16.05021911537662
,2002-06-14 00:00,15.29786509434334
,2002-06-15 00:00,3.661038870086045
,2002-06-16 00:00,0.0
,2002-06-17 00:00,0.0
,2002-06-18 00:00,0.0
,2002-06-19 00:00,3.057063087267233
,2002-06-20 00:00,0.0
,2002-06-21 00:00,0.0
,2002-06-22 00:00,0.0
,2002-06-23 00:00,0.0
,2002-06-24 00:00,0.0
,2002-06-25 00:00,0.0
,2002-06-26 00:00,0.0
,2002-06-27 00:00,0.0
,2002-06-28 00:00,0.0
,2002-06-29 00:00,0.0
,2002-06-30 00:00,0.0
,2002-07-01 00:00,0.0
,2002-07-02 00:00,0.0
,2002-07-03 00:00,3.1048648438315367
,2002-07-04 00:00,0.0
,2002-07-05 00:00,0.0
,2002-07-06 00:00,0.0
,2002-07-07 00:00,0.0
,2002-07-08 00:00,0.0
,2002-07-09 00:00,6.157083162872758
,2002-07-10 00:00,3.0837968468065515
,2002-07-11 00:00,0.0
,2002-07-12 00:00,0.0
,2002-07-13 00:00,0.0
,2002-07-14 00:00,0.0
,2002-07-15 00:00,0.0
,2002-07-16 00:00,0.0
,2002-07-17 00:00,0.0
,2002-07-18 00:00,0.0
,2002-07-19 00:00,0.0
,2002-07-20 00:00,0.0
,2002-07-21 00:00,0.0
,2002-07-22 00:00,0.0
,2002-07-23 00:00,30.726490802888662
,2002-07-24 00:00,0.0
,2002-07-25 00:00,0.0
,2002-07-26 00:00,6.179957720655004
,2002-07-27 00:00,0.0
,2002-07-28 00:00,9.2179472408666
,2002-07-29 00:00,0.0
,2002-07-30 00:00,0.0
,2002-07-31 00:00,0.0
,2002-08-01 00:00,0.0
,2002-08-02 00:00,0.0
,2002-08-03 00:00,0.0
,2002-08-04 00:00,0.0
,2002-08-05 00:00,3.0854244972741394
,2002-08-06 00:00,3.0659964439218506
,2002-08-07 00:00,0.0
,2002-08-08 00:00,15.373455203858342
,2002-08-09 00:00,3.0705229332058472
,2002-08-10 00:00,12.228252349068931
,2002-08-11 00:00,3.032007762163769
,2002-08-12 00:00,0.0
,2002-08-13 00:00,0.0
,2002-08-14 00:00,0.0
,2002-08-15 00:00,0.0
,2002-08-16 00:00,0.0
,2002-08-17 00:00,0.0
,2002-08-18 00:00,0.0
,2002-08-19 00:00,0.0
,2002-08-20 00:00,0.0
,2002-08-21 00:00,0.0
,2002-08-22 00:00,0.0
,2002-08-23 00:00,3.0794587969868363
,2002-08-24 00:00,3.02344210438637
,2002-08-25 00:00,0.0
,2002-08-26 00:00,0.0
,2002-08-27 00:00,0.0
,2002-08-28 00:00,0.0
,2002-08-29 00:00,3.0940954754187193
,2002-08-30 00:00,0.0
,2002-08-31 00:00,0.0
,2002-09-01 00:00,6.068002784695617
,2002-09-02 00:00,0.0
,2002-09-03 00:00,0.0
,2002-09-04 00:00,0.0
,2002-09-05 00:00,0.0
,2002-09-06 00:00,0.0
,2002-09-07 00:00,0.0
,2002-09-08 00:00,0.0
,2002-09-09 00:00,0.0
,2002-09-10 00:00,3.089252000238468
,2002-09-11 00:00,0.0
,2002-09-12 00:00,9.033581681303017
,2002-09-13 00:00,0.0
,2002-09-14 00:00,21.238009746434656
,2002-09-15 00:00,8.96081280467983
,2002-09-16 00:00,2.8863005707991367
,2002-09-17 00:00,0.0
,2002-09-18 00:00,0.0
,2002-09-19 00:00,0.0
,2002-09-20 00:00,5.8556315554456
,2002-09-21 00:00,7.214861843185373
,2002-09-22 00:00,0.0
,2002-09-23 00:00,1.3689230549114995
,2002-09-24 00:00,0.0
,2002-09-25 00:00,0.0
,2002-09-26 00:00,0.0
,2002-09-27 00:00,0.0
,2002-09-28 00:00,6.0422793337576985
,2002-09-29 00:00,5.4524537889321225
,2002-09-30 00:00,0.0
,2002-10-01 00:00,0.0
,2002-10-02 00:00,10.827165482507622
,2002-10-03 00:00,0.0
,2002-10-04 00:00,0.0
,2002-10-05 00:00,2.8780293003217765
,2002-10-06 00:00,2.5910178133257746
,2002-10-07 00:00,0.0
,2002-10-08 00:00,0.0
,2002-10-09 00:00,0.0
,2002-10-10 00:00,0.0
,2002-10-11 00:00,3.847772890876212
,2002-10-12 00:00,7.272755536655032
,2002-10-13 00:00,6.018832168266231
,2002-10-14 00:00,2.7939124956219765
,2002-10-15 00:00,0.0
,2002-10-16 00:00,0.0
,2002-10-17 00:00,0.0
,2002-10-18 00:00,0.0
,2002-10-19 00:00,0.0
,2002-10-20 00:00,0.0
,2002-10-21 00:00,0.0
,2002-10-22 00:00,0.0
,2002-10-23 00:00,0.0
,2002-10-24 00:00,0.0
,2002-10-25 00:00,0.0
,2002-10-26 00:00,0.0
,2002-10-27 00:00,0.0
,2002-10-28 00:00,0.0
,2002-10-29 00:00,0.0
,2002-10-30 00:00,0.0
,2002-10-31 00:00,0.0
,2002-11-01 00:00,0.0
,2002-11-02 00:00,0.0
,2002-11-03 00:00,0.0
,2002-11-04 00:00,0.0
,2002-11-05 00:00,0.0
,2002-11-06 00:00,0.0
,2002-11-07 00:00,0.0
,2002-11-08 00:00,0.0
,2002-11-09 00:00,0.0
,2002-11-10 00:00,0.0
,2002-11-11 00:00,0.0
,2002-11-12 00:00,0.0
,2002-11-13 00:00,0.0
,2002-11-14 00:00,0.0
,2002-11-15 00:00,0.0
,2002-11-16 00:00,0.0
,2002-11-17 00:00,0.0
,2002-11-18 00:00,0.0
,2002-11-19 00:00,0.0
,2002-11-20 00:00,0.0
,2002-11-21 00:00,0.0
,2002-11-22 00:00,0.0
,2002-11-23 00:00,0.0
,2002-11-24 00:00,0.0
,2002-11-25 00:00,0.0
,2002-11-26 00:00,0.0
,2002-11-27 00:00,0.0
,2002-11-28 00:00,0.0
,2002-11-29 00:00,0.0
,2002-11-30 00:00,0.0
,2002-12-01 00:00,0.0
,2002-12-02 00:00,0.0
,2002-12-03 00:00,0.0
,2002-12-04 00:00,0.0
,2002-12-05 00:00,0.0
,2002-12-06 00:00,0.0
,2002-12-07 00:00,0.0
,2002-12-08 00:00,0.0
,2002-12-09 00:00,0.0
,2002-12-10 00:00,0.0
,2002-12-11 00:00,0.0
,2002-12-12 00:00,0.0
,2002-12-13 00:00,0.0
,2002-12-14 00:00,0.0
,2002-12-15 00:00,0.0
,2002-12-16 00:00,0.0
,2002-12-17 00:00,0.0
,2002-12-18 00:00,0.0
,2002-12-19 00:00,0.0
,2002-12-20 00:00,0.0
,2002-12-21 00:00,0.0
,2002-12-22 00:00,0.0
,2002-12-23 00:00,0.0
,2002-12-24 00:00,0.0
,2002-12-25 00:00,0.0
,2002-12-26 00:00,0.0
,2002-12-27 00:00,0.0
,2002-12-28 00:00,0.0
,2002-12-29 00:00,0.0
,2002-12-30 00:00,0.0
,2002-12-31 00:00,0.0
,2003-01-01 00:00,0.0
,2003-01-02 00:00,0.0
,2003-01-03 00:00,0.0
,2003-01-04 00:00,0.0
,2003-01-05 00:00,0.0
,2003-01-06 00:00,0.0
,2003-01-07 00:00,0.0
,2003-01-08 00:00,0.0
,2003-01-09 00:00,0.0
,2003-01-10 00:00,0.0
,2003-01-11 00:00,0.0
,2003-01-12 00:00,0.0
,2003-01-13 00:00,0.0
,2003-01-14 00:00,0.0
,2003-01-15 00:00,0.0
,2003-01-16 00:00,0.0
,2003-01-17 00:00,0.0
,2003-01-18 00:00,0.0
,2003-01-19 00:00,0.0
,2003-01-20 00:00,0.0
,2003-01-21 00:00,0.0
,2003-01-22 00:00,0.0
,2003-01-23 00:00,0.0
,2003-01-24 00:00,0.0
,2003-01-25 00:00,0.0
,2003-01-26 00:00,0.0
,2003-01-27 00:00,0.0
,2003-01-28 00:00,0.0
,2003-01-29 00:00,0.0
,2003-01-30 00:00,0.0
,2003-01-31 00:00,0.0
,2003-02-01 00:00,0.0
,2003-02-02 00:00,0.0
,2003-02-03 00:00,0.0
,2003-02-04 00:00,0.0
,2003-02-05 00:00,0.0
,2003-02-06 00:00,0.0
,2003-02-07 00:00,0.0
,2003-02-08 00:00,0.0
,2003-02-09 00:00,0.0
,2003-02-10 00:00,0.0
,2003-02-11 00:00,0.0
,2003-02-12 00:00,0.0
,2003-02-13 00:00,0.0
,2003-02-14 00:00,0.0
,2003-02-15 00:00,0.0
,2003-02-16 00:00,0.0
,2003-02-17 00:00,0.0
,2003-02-18 00:00,0.0
,2003-02-19 00:00,0.0
,2003-02-20 00:00,0.0
,2003-02-21 00:00,0.0
,2003-02-22 00:00,0.0
,2003-02-23 00:00,0.0
,2003-02-24 00:00,0.0
,2003-02-25 00:00,0.0
,2003-02-26 00:00,0.0
,2003-02-27 00:00,0.0
,2003-02-28 00:00,0.0
,2003-03-01 00:00,0.0
,2003-03-02 00:00,0.0
,2003-03-03 00:00,0.0
,2003-03-04 00:00,0.0
,2003-03-05 00:00,0.0
,2003-03-06 00:00,0.0
,2003-03-07 00:00,0.0
,2003-03-08 00:00,0.0
,2003-03-09 00:00,0.0
,2003-03-10 00:00,0.0
,2003-03-11 00:00,0.0
,2003-03-12 00:00,0.0
,2003-03-13 00:00,0.0
,2003-03-14 00:00,0.0
,2003-03-15 00:00,0.0
,2003-03-16 00:00,0.0
,2003-03-17 00:00,0.0
,2003-03-18 00:00,0.0
,2003-03-19 00:00,0.0
,2003-03-20 00:00,0.0
,2003-03-21 00:00,0.0
,2003-03-22 00:00,0.0
,2003-03-23 00:00,0.0
,2003-03-24 00:00,0.0
,2003-03-25 00:00,0.0
,2003-03-26 00:00,0.0
,2003-03-27 00:00,0.0
,2003-03-28 00:00,0.0
,2003-03-29 00:00,0.0
,2003-03-30 00:00,0.0
,2003-03-31 00:00,0.0
,2003-04-01 00:00,0.0
,2003-04-02 00:00,0.0
,2003-04-03 00:00,0.0
,2003-04-04 00:00,0.0
,2003-04-05 00:00,0.0
,2003-04-06 00:00,0.0
,2003-04-07 00:00,0.0
,2003-04-08 00:00,0.0
,2003-04-09 00:00,0.0
,2003-04-10 00:00,0.0
,2003-04-11 00:00,0.0
,2003-04-12 00:00,0.0
,2003-04-13 00:00,0.0
,2003-04-14 00:00,0.0
,2003-04-15 00:00,0.0
,2003-04-16 00:00,0.0
,2003-04-17 00:00,0.0
,2003-04-18 00:00,0.0
,2003-04-19 00:00,0.0
,2003-04-20 00:00,0.0
,2003-04-21 00:00,0.0
,2003-04-22 00:00,0.0
,2003-04-23 00:00,0.0
,2003-04-24 00:00,0.0
,2003-04-25 00:00,0.0
,2003-04-26 00:00,0.0
,2003-04-27 00:00,0.0
,2003-04-28 00:00,0.0
,2003-04-29 00:00,0.0
,2003-04-30 00:00,0.0
,2003-05-01 00:00,0.0
,2003-05-02 00:00,0.0
,2003-05-03 00:00,0.0
,2003-05-04 00:00,0.0
,2003-05-05 00:00,0.0
,2003-05-06 00:00,0.0
,2003-05-07 00:00,0.0
,2003-05-08 00:00,0.0
,2003-05-09 00:00,0.0
,2003-05-10 00:00,0.0
,2003-05-11 00:00,0.0
,2003-05-12 00:00,0.0
,2003-05-13 00:00,0.0
,2003-05-14 00:00,0.0
,2003-05-15 00:00,0.0
,2003-05-16 00:00,0.0
,2003-05-17 00:00,0.0
,2003-05-18 00:00,0.0
,2003-05-19 00:00,0.0
,2003-05-20 00:00,0.0
,2003-05-21 00:00,0.0
,2003-05-22 00:00,0.0
,2003-05-23 00:00,0.0
,2003-05-24 00:00,0.0
,2003-05-25 00:00,0.0
,2003-05-26 00:00,2.034235678125299
,2003-05-27 00:00,17.30414248376536
,2003-05-28 00:00,12.037664336532487
,2003-05-29 00:00,14.294726399632282
,2003-05-30 00:00,16.802573136409876
,2003-05-31 00:00,20.06277389422081
,2003-06-01 00:00,21.06591258893178
,2003-06-02 00:00,25.830821388809227
,2003-06-03 00:00,24.542741220510095
,2003-06-04 00:00,18.808850525831986
,2003-06-05 00:00,30.539547138216733
,2003-06-06 00:00,12.539233683888
,2003-06-07 00:00,16.51167301965006
,2003-06-08 00:00,5.266478147232959
,2003-06-09 00:00,2.257062063099852
,2003-06-10 00:00,15.671994620003545
,2003-06-11 00:00,0.0
,2003-06-12 00:00,18.87361375573755
,2003-06-13 00:00,19.0596351995097
,2003-06-14 00:00,19.913059223442076
,2003-06-15 00:00,26.514942810037212
,2003-06-16 00:00,15.179160391731301
,2003-06-17 00:00,11.536094989176945
,2003-06-18 00:00,14.545511073310081
,2003-06-19 00:00,23.518949657801983
,2003-06-20 00:00,11.536094989176974
,2003-06-21 00:00,15.79943444169885
,2003-06-22 00:00,15.047080420665566
,2003-06-23 00:00,14.796295746987852
,2003-06-24 00:00,17.053357810087675
,2003-06-25 00:00,23.824543999387146
,2003-06-26 00:00,18.3072811784765
,2003-06-27 00:00,24.28700157095699
,2003-06-28 00:00,29.25901865066757
,2003-06-29 00:00,15.545032756295171
,2003-06-30 00:00,11.285310315499174
,2003-07-01 00:00,18.307281178476472
,2003-07-02 00:00,23.573759325709403
,2003-07-03 00:00,24.576898020420458
,2003-07-04 00:00,26.83396008352028
,2003-07-05 00:00,29.09102214662012
,2003-07-06 00:00,32.60200757810877
,2003-07-07 00:00,30.344945515008916
,2003-07-08 00:00,29.592591493975647
,2003-07-09 00:00,31.0972995360422
,2003-07-10 00:00,33.40798009317665
,2003-07-11 00:00,28.589452799264606
,2003-07-12 00:00,35.109854314886356
,2003-07-13 00:00,27.084744757198052
,2003-07-14 00:00,30.344945515008924
,2003-07-15 00:00,35.10985431488635
,2003-07-16 00:00,34.35750029385308
,2003-07-17 00:00,36.614562356952916
,2003-07-18 00:00,8.044606668185768
,2003-07-19 00:00,3.105835106853935
,2003-07-20 00:00,0.0
,2003-07-21 00:00,6.202490714411814
,2003-07-22 00:00,6.202490714411814
,2003-07-23 00:00,0.0
,2003-07-24 00:00,0.0
,2003-07-25 00:00,0.0
,2003-07-26 00:00,0.0
,2003-07-27 00:00,3.101245357205907
,2003-07-28 00:00,0.0
,2003-07-29 00:00,3.103867191474227
,2003-07-30 00:00,0.0
,2003-07-31 00:00,0.0
,2003-08-01 00:00,6.167593693613103
,2003-08-02 00:00,6.119520540991848
,2003-08-03 00:00,0.0
,2003-08-04 00:00,0.0
,2003-08-05 00:00,0.0
,2003-08-06 00:00,0.0
,2003-08-07 00:00,27.775951977868335
,2003-08-08 00:00,0.0
,2003-08-09 00:00,0.0
,2003-08-10 00:00,0.0
,2003-08-11 00:00,0.0
,2003-08-12 00:00,0.0
,2003-08-13 00:00,3.0829608074487864
,2003-08-14 00:00,0.0
,2003-08-15 00:00,0.0
,2003-08-16 00:00,0.0
,2003-08-17 00:00,3.078541581436379
,2003-08-18 00:00,0.0
,2003-08-19 00:00,0.0
,2003-08-20 00:00,6.134328311513686
,2003-08-21 00:00,33.39534777229427
,2003-08-22 00:00,0.0
,2003-08-23 00:00,0.0
,2003-08-24 00:00,3.0913964916757335
,2003-08-25 00:00,3.0940954754187193
,2003-08-26 00:00,3.0869954811102396
,2003-08-27 00:00,3.0812422478295525
,2003-08-28 00:00,0.0
,2003-08-29 00:00,3.0556669944892283
,2003-08-30 00:00,0.0
,2003-08-31 00:00,0.0
,2003-09-01 00:00,0.0
,2003-09-02 00:00,0.0
,2003-09-03 00:00,11.9335939961074
,2003-09-04 00:00,0.0
,2003-09-05 00:00,0.0
,2003-09-06 00:00,0.0
,2003-09-07 00:00,0.0
,2003-09-08 00:00,0.0
,2003-09-09 00:00,12.198955128120168
,2003-09-10 00:00,0.0
,2003-09-11 00:00,8.98092737161845
,2003-09-12 00:00,3.051274908224365
,2003-09-13 00:00,0.0
,2003-09-14 00:00,4.859341277414238
,2003-09-15 00:00,5.552779138452722
,2003-09-16 00:00,0.0
,2003-09-17 00:00,0.0
,2003-09-18 00:00,2.8397969550748865
,2003-09-19 00:00,0.0
,2003-09-20 00:00,3.0726490802888664
,2003-09-21 00:00,11.756689146025318
,2003-09-22 00:00,0.0
,2003-09-23 00:00,0.0
,2003-09-24 00:00,0.0
,2003-09-25 00:00,0.0
,2003-09-26 00:00,0.0
,2003-09-27 00:00,0.0
,2003-09-28 00:00,0.0
,2003-09-29 00:00,0.0
,2003-09-30 00:00,0.0
,2003-10-01 00:00,0.0
,2003-10-02 00:00,0.0
,2003-10-03 00:00,6.017011354392384
,2003-10-04 00:00,0.0
,2003-10-05 00:00,0.0
,2003-10-06 00:00,2.98339849902685
,2003-10-07 00:00,0.0
,2003-10-08 00:00,0.0
,2003-10-09 00:00,0.0
,2003-10-10 00:00,0.0
,2003-10-11 00:00,0.0
,2003-10-12 00:00,2.869285817599819
,2003-10-13 00:00,3.0340013923478084
,2003-10-14 00:00,0.0
,2003-10-15 00:00,6.027595255738923
,2003-10-16 00:00,0.0
,2003-10-17 00:00,0.0
,2003-10-18 00:00,0.0
,2003-10-19 00:00,2.1134028622212018
,2003-10-20 00:00,4.657332021306824
,2003-10-21 00:00,0.0
,2003-10-22 00:00,0.0
,2003-10-23 00:00,0.0
,2003-10-24 00:00,0.0
,2003-10-25 00:00,0.0
,2003-10-26 00:00,0.0
,2003-10-27 00:00,0.0
,2003-10-28 00:00,0.0
,2003-10-29 00:00,0.0
,2003-10-30 00:00,0.0
,2003-10-31 00:00,0.0
,2003-11-01 00:00,2.7067913706269056
,2003-11-02 00:00,0.0
,2003-11-03 00:00,0.0
,2003-11-04 00:00,0.0
,2003-11-05 00:00,0.0
,2003-11-06 00:00,2.1838999538819666
,2003-11-07 00:00,0.4578198564957243
,2003-11-08 00:00,0.0
,2003-11-09 00:00,0.0
,2003-11-10 00:00,0.0
,2003-11-11 00:00,0.0
,2003-11-12 00:00,0.0
,2003-11-13 00:00,0.0
,2003-11-14 00:00,0.0
,2003-11-15 00:00,0.0
,2003-11-16 00:00,0.0
,2003-11-17 00:00,0.0
,2003-11-18 00:00,0.0
,2003-11-19 00:00,0.0
,2003-11-20 00:00,0.0
,2003-11-21 00:00,0.0
,2003-11-22 00:00,0.0
,2003-11-23 00:00,0.0
,2003-11-24 00:00,0.0
,2003-11-25 00:00,0.0
,2003-11-26 00:00,0.0
,2003-11-27 00:00,0.0
,2003-11-28 00:00,0.0
,2003-11-29 00:00,0.0
,2003-11-30 00:00,0.0
,2003-12-01 00:00,0.0
,2003-12-02 00:00,0.0
,2003-12-03 00:00,0.0
,2003-12-04 00:00,0.0
,2003-12-05 00:00,0.0
,2003-12-06 00:00,0.0
,2003-12-07 00:00,0.0
,2003-12-08 00:00,0.0
,2003-12-09 00:00,0.0
,2003-12-10 00:00,0.0
,2003-12-11 00:00,0.0
,2003-12-12 00:00,0.0
,2003-12-13 00:00,0.0
,2003-12-14 00:00,0.0
,2003-12-15 00:00,0.0
,2003-12-16 00:00,0.0
,2003-12-17 00:00,0.0
,2003-12-18 00:00,0.0
,2003-12-19 00:00,0.0
,2003-12-20 00:00,0.0
,2003-12-21 00:00,0.0
,2003-12-22 00:00,0.0
,2003-12-23 00:00,0.0
,2003-12-24 00:00,0.0
,2003-12-25 00:00,0.0
,2003-12-26 00:00,0.0
,2003-12-27 00:00,0.0
,2003-12-28 00:00,0.0
,2003-12-29 00:00,0.0
,2003-12-30 00:00,0.0
,2003-12-31 00:00,0.0
,2004-01-01 00:00,0.0
,2004-01-02 00:00,0.0
,2004-01-03 00:00,0.0
,2004-01-04 00:00,0.0
,2004-01-05 00:00,0.0
,2004-01-06 00:00,0.0
,2004-01-07 00:00,0.0
,2004-01-08 00:00,0.0
,2004-01-09 00:00,0.0
,2004-01-10 00:00,0.0
,2004-01-11 00:00,0.0
,2004-01-12 00:00,0.0
,2004-01-13 00:00,0.0
,2004-01-14 00:00,0.0
,2004-01-15 00:00,0.0
,2004-01-16 00:00,0.0
,2004-01-17 00:00,0.0
,2004-01-18 00:00,0.0
,2004-01-19 00:00,0.0
,2004-01-20 00:00,0.0
,2004-01-21 00:00,0.0
,2004-01-22 00:00,0.0
,2004-01-23 00:00,0.0
,2004-01-24 00:00,0.0
,2004-01-25 00:00,0.0
,2004-01-26 00:00,0.0
,2004-01-27 00:00,0.0
,2004-01-28 00:00,0.0
,2004-01-29 00:00,0.0
,2004-01-30 00:00,0.0
,2004-01-31 00:00,0.0
,2004-02-01 00:00,0.0
,2004-02-02 00:00,0.0
,2004-02-03 00:00,0.0
,2004-02-04 00:00,0.0
,2004-02-05 00:00,0.0
,2004-02-06 00:00,0.0
,2004-02-07 00:00,0.0
,2004-02-08 00:00,0.0
,2004-02-09 00:00,0.0
,2004-02-10 00:00,0.0
,2004-02-11 00:00,0.0
,2004-02-12 00:00,0.0
,2004-02-13 00:00,0.0
,2004-02-14 00:00,0.0
,2004-02-15 00:00,0.0
,2004-02-16 00:00,0.0
,2004-02-17 00:00,0.0
,2004-02-18 00:00,0.0
,2004-02-19 00:00,0.0
,2004-02-20 00:00,0.0
,2004-02-21 00:00,0.0
,2004-02-22 00:00,0.0
,2004-02-23 00:00,0.0
,2004-02-24 00:00,0.0
,2004-02-25 00:00,0.0
,2004-02-26 00:00,0.0
,2004-02-27 00:00,0.0
,2004-02-28 00:00,0.0
,2004-02-29 00:00,0.0
,2004-03-01 00:00,0.0
,2004-03-02 00:00,0.0
,2004-03-03 00:00,0.0
,2004-03-04 00:00,0.0
,2004-03-05 00:00,0.0
,2004-03-06 00:00,0.0
,2004-03-07 00:00,0.0
,2004-03-08 00:00,0.0
,2004-03-09 00:00,0.0
,2004-03-10 00:00,0.0
,2004-03-11 00:00,0.0
,2004-03-12 00:00,0.0
,2004-03-13 00:00,0.0
,2004-03-14 00:00,0.0
,2004-03-15 00:00,0.0
,2004-03-16 00:00,0.0
,2004-03-17 00:00,0.0
,2004-03-18 00:00,0.0
,2004-03-19 00:00,0.0
,2004-03-20 00:00,0.0
,2004-03-21 00:00,0.0
,2004-03-22 00:00,0.0
,2004-03-23 00:00,0.0
,2004-03-24 00:00,0.0
,2004-03-25 00:00,0.0
,2004-03-26 00:00,0.0
,2004-03-27 00:00,0.0
,2004-03-28 00:00,0.0
,2004-03-29 00:00,0.0
,2004-03-30 00:00,0.0
,2004-03-31 00:00,0.0
,2004-04-01 00:00,0.0
,2004-04-02 00:00,0.0
,2004-04-03 00:00,0.0
,2004-04-04 00:00,0.0
,2004-04-05 00:00,0.0
,2004-04-06 00:00,0.0
,2004-04-07 00:00,0.0
,2004-04-08 00:00,0.0
,2004-04-09 00:00,0.0
,2004-04-10 00:00,0.0
,2004-04-11 00:00,0.0
,2004-04-12 00:00,0.0
,2004-04-13 00:00,0.0
,2004-04-14 00:00,0.0
,2004-04-15 00:00,0.0
,2004-04-16 00:00,0.0
,2004-04-17 00:00,0.0
,2004-04-18 00:00,0.0
,2004-04-19 00:00,0.0
,2004-04-20 00:00,0.0
,2004-04-21 00:00,3.1040641321188502
,2004-04-22 00:00,14.29472639963231
,2004-04-23 00:00,0.0
,2004-04-24 00:00,1.4202253876041198
,2004-04-25 00:00,0.0
,2004-04-26 00:00,0.0
,2004-04-27 00:00,0.0
,2004-04-28 00:00,0.0
,2004-04-29 00:00,0.0
,2004-04-30 00:00,0.0
,2004-05-01 00:00,0.0
,2004-05-02 00:00,8.88611227548816
,2004-05-03 00:00,13.040803031243485
,2004-05-04 00:00,0.0
,2004-05-05 00:00,0.0
,2004-05-06 00:00,0.0
,2004-05-07 00:00,7.771205549098255
,2004-05-08 00:00,18.056496504798673
,2004-05-09 00:00,19.56120454686524
,2004-05-10 00:00,24.82768269409823
,2004-05-11 00:00,22.069051283642864
,2004-05-12 00:00,20.062773894220783
,2004-05-13 00:00,17.554927157443174
,2004-05-14 00:00,16.551788462732148
,2004-05-15 00:00,15.548649768021107
,2004-05-16 00:00,9.78060227343262
,2004-05-17 00:00,0.0
,2004-05-18 00:00,0.0
,2004-05-19 00:00,0.0
,2004-05-20 00:00,10.408938201375548
,2004-05-21 00:00,9.028248252399337
,2004-05-22 00:00,13.040803031243513
,2004-05-23 00:00,21.818266609965093
,2004-05-24 00:00,18.307281178476458
,2004-05-25 00:00,19.561204546865255
,2004-05-26 00:00,18.558065852154215
,2004-05-27 00:00,7.774324884010554
,2004-05-28 00:00,13.040803031243499
,2004-05-29 00:00,2.006277389422081
,2004-05-30 00:00,6.8174405087929415
,2004-05-31 00:00,18.280465333892906
,2004-06-01 00:00,17.48821258878158
,2004-06-02 00:00,23.322974652031647
,2004-06-03 00:00,0.5154786316077207
,2004-06-04 00:00,0.0
,2004-06-05 00:00,4.756041169345316
,2004-06-06 00:00,14.933120031233408
,2004-06-07 00:00,16.723429288847363
,2004-06-08 00:00,16.802573136409897
,2004-06-09 00:00,19.059635199509735
,2004-06-10 00:00,21.065912588931816
,2004-06-11 00:00,31.0972995360422
,2004-06-12 00:00,34.608284967530835
,2004-06-13 00:00,29.592591493975647
,2004-06-14 00:00,7.737355105749656
,2004-06-15 00:00,0.0
,2004-06-16 00:00,0.0
,2004-06-17 00:00,0.0
,2004-06-18 00:00,0.0
,2004-06-19 00:00,0.0
,2004-06-20 00:00,0.0
,2004-06-21 00:00,0.0
,2004-06-22 00:00,11.871301741303855
,2004-06-23 00:00,11.477143270399276
,2004-06-24 00:00,0.0
,2004-06-25 00:00,3.016320767446545
,2004-06-26 00:00,9.222479290499972
,2004-06-27 00:00,9.393066611834575
,2004-06-28 00:00,3.0340013923478084
,2004-06-29 00:00,0.0
,2004-06-30 00:00,0.0
,2004-07-01 00:00,0.0
,2004-07-02 00:00,0.0
,2004-07-03 00:00,3.046550237988342
,2004-07-04 00:00,3.0278482308540378
,2004-07-05 00:00,11.9335939961074
,2004-07-06 00:00,0.0
,2004-07-07 00:00,0.0
,2004-07-08 00:00,0.0
,2004-07-09 00:00,0.0
,2004-07-10 00:00,0.0
,2004-07-11 00:00,0.0
,2004-07-12 00:00,0.0
,2004-07-13 00:00,0.0
,2004-07-14 00:00,0.0
,2004-07-15 00:00,0.0
,2004-07-16 00:00,0.0
,2004-07-17 00:00,0.0
,2004-07-18 00:00,0.0
,2004-07-19 00:00,3.0960088473395615
,2004-07-20 00:00,12.314166325745516
,2004-07-21 00:00,6.131992887843701
,2004-07-22 00:00,0.0
,2004-07-23 00:00,0.0
,2004-07-24 00:00,0.0
,2004-07-25 00:00,3.0854244972741394
,2004-07-26 00:00,0.0
,2004-07-27 00:00,3.0448948647319427
,2004-07-28 00:00,0.0
,2004-07-29 00:00,0.0
,2004-07-30 00:00,0.0
,2004-07-31 00:00,18.27930142793005
,2004-08-01 00:00,0.0
,2004-08-02 00:00,0.0
,2004-08-03 00:00,0.0
,2004-08-04 00:00,0.0
,2004-08-05 00:00,0.0
,2004-08-06 00:00,0.0
,2004-08-07 00:00,0.0
,2004-08-08 00:00,0.0
,2004-08-09 00:00,0.0
,2004-08-10 00:00,0.0
,2004-08-11 00:00,0.0
,2004-08-12 00:00,0.0
,2004-08-13 00:00,3.063584105270485
,2004-08-14 00:00,0.0
,2004-08-15 00:00,0.0
,2004-08-16 00:00,0.0
,2004-08-17 00:00,0.0
,2004-08-18 00:00,0.0
,2004-08-19 00:00,0.0
,2004-08-20 00:00,0.0
,2004-08-21 00:00,3.067164155756843
,2004-08-22 00:00,18.395978663531103
,2004-08-23 00:00,32.89385057769885
,2004-08-24 00:00,14.839127176629816
,2004-08-25 00:00,5.959451304991498
,2004-08-26 00:00,0.0
,2004-08-27 00:00,0.0
,2004-08-28 00:00,0.0
,2004-08-29 00:00,0.0
,2004-08-30 00:00,0.0
,2004-08-31 00:00,18.192046572982616
,2004-09-01 00:00,0.0
,2004-09-02 00:00,0.0
,2004-09-03 00:00,0.0
,2004-09-04 00:00,0.0
,2004-09-05 00:00,0.0
,2004-09-06 00:00,0.0
,2004-09-07 00:00,0.0
,2004-09-08 00:00,0.0
,2004-09-09 00:00,17.92162560935966
,2004-09-10 00:00,0.0
,2004-09-11 00:00,3.025677332529616
,2004-09-12 00:00,0.0
,2004-09-13 00:00,0.0
,2004-09-14 00:00,0.0
,2004-09-15 00:00,9.063419000636548
,2004-09-16 00:00,0.0
,2004-09-17 00:00,3.086216886429815
,2004-09-18 00:00,0.0
,2004-09-19 00:00,0.0
,2004-09-20 00:00,0.0
,2004-09-21 00:00,0.0
,2004-09-22 00:00,0.0
,2004-09-23 00:00,0.0
,2004-09-24 00:00,6.1055482473974445
,2004-09-25 00:00,17.781211548860398
,2004-09-26 00:00,2.219252320342603
,2004-09-27 00:00,0.0
,2004-09-28 00:00,5.0461657641443765
,2004-09-29 00:00,7.523540210332791
,2004-09-30 00:00,7.52354021033279
,2004-10-01 00:00,9.27903292607711
,2004-10-02 00:00,1.233856649836065
,2004-10-03 00:00,0.0
,2004-10-04 00:00,5.867249494363382
,2004-10-05 00:00,0.0
,2004-10-06 00:00,0.0
,2004-10-07 00:00,0.19804182615048127
,2004-10-08 00:00,8.77746357872159
,2004-10-09 00:00,7.774324884010553
,2004-10-10 00:00,5.015693473555195
,2004-10-11 00:00,6.520401515621753
,2004-10-12 00:00,10.500870535798832
,2004-10-13 00:00,2.0100974684881305
,2004-10-14 00:00,0.0
,2004-10-15 00:00,0.0
,2004-10-16 00:00,0.0
,2004-10-17 00:00,0.0
,2004-10-18 00:00,0.0
,2004-10-19 00:00,0.0
,2004-10-20 00:00,0.0
,2004-10-21 00:00,0.0
,2004-10-22 00:00,0.0
,2004-10-23 00:00,0.0
,2004-10-24 00:00,9.61171723226982
,2004-10-25 00:00,4.012554778844155
,2004-10-26 00:00,2.835014990881177
,2004-10-27 00:00,5.943895293247292
,2004-10-28 00:00,0.0
,2004-10-29 00:00,10.272387956273816
,2004-10-30 00:00,0.4021215465596031
,2004-10-31 00:00,3.5109854314886353
,2004-11-01 00:00,4.764908799877434
,2004-11-02 00:00,1.9830536800911334
,2004-11-03 00:00,0.0
,2004-11-04 00:00,0.0
,2004-11-05 00:00,0.0
,2004-11-06 00:00,0.0
,2004-11-07 00:00,0.0
,2004-11-08 00:00,0.0
,2004-11-09 00:00,0.0
,2004-11-10 00:00,0.0
,2004-11-11 00:00,0.0
,2004-11-12 00:00,0.0
,2004-11-13 00:00,2.675389185250051
,2004-11-14 00:00,6.520401515621753
,2004-11-15 00:00,13.032071746106963
,2004-11-16 00:00,0.0
,2004-11-17 00:00,0.0
,2004-11-18 00:00,0.0
,2004-11-19 00:00,0.0
,2004-11-20 00:00,0.0
,2004-11-21 00:00,0.0
,2004-11-22 00:00,0.0
,2004-11-23 00:00,0.0
,2004-11-24 00:00,0.0
,2004-11-25 00:00,0.0
,2004-11-26 00:00,0.0
,2004-11-27 00:00,0.0
,2004-11-28 00:00,0.0
,2004-11-29 00:00,0.0
,2004-11-30 00:00,0.0
,2004-12-01 00:00,0.0
,2004-12-02 00:00,0.0
,2004-12-03 00:00,0.0
,2004-12-04 00:00,0.0
,2004-12-05 00:00,0.0
,2004-12-06 00:00,0.0
,2004-12-07 00:00,0.0
,2004-12-08 00:00,0.0
,2004-12-09 00:00,0.0
,2004-12-10 00:00,0.0
,2004-12-11 00:00,0.0
,2004-12-12 00:00,0.0
,2004-12-13 00:00,0.0
,2004-12-14 00:00,0.0
,2004-12-15 00:00,0.0
,2004-12-16 00:00,0.0
,2004-12-17 00:00,0.0
,2004-12-18 00:00,0.0
,2004-12-19 00:00,0.0
,2004-12-20 00:00,0.0
,2004-12-21 00:00,0.0
,2004-12-22 00:00,0.0
,2004-12-23 00:00,0.0
,2004-12-24 00:00,0.0
,2004-12-25 00:00,0.0
,2004-12-26 00:00,0.0
,2004-12-27 00:00,0.0
,2004-12-28 00:00,0.0
,2004-12-29 00:00,0.0
,2004-12-30 00:00,0.0
,2004-12-31 00:00,0.0
,2005-01-01 00:00,0.0
,2005-01-02 00:00,0.0
,2005-01-03 00:00,0.0
,2005-01-04 00:00,0.0
,2005-01-05 00:00,0.0
,2005-01-06 00:00,0.0
,2005-01-07 00:00,0.0
,2005-01-08 00:00,0.0
,2005-01-09 00:00,0.0
,2005-01-10 00:00,0.0
,2005-01-11 00:00,0.0
,2005-01-12 00:00,0.0
,2005-01-13 00:00,0.0
,2005-01-14 00:00,0.0
,2005-01-15 00:00,0.0
,2005-01-16 00:00,0.0
,2005-01-17 00:00,0.0
,2005-01-18 00:00,0.0
,2005-01-19 00:00,0.0
,2005-01-20 00:00,0.0
,2005-01-21 00:00,0.0
,2005-01-22 00:00,0.0
,2005-01-23 00:00,0.0
,2005-01-24 00:00,0.0
,2005-01-25 00:00,0.0
,2005-01-26 00:00,0.0
,2005-01-27 00:00,0.0
,2005-01-28 00:00,0.0
,2005-01-29 00:00,0.0
,2005-01-30 00:00,0.0
,2005-01-31 00:00,0.0
,2005-02-01 00:00,0.0
,2005-02-02 00:00,0.0
,2005-02-03 00:00,0.0
,2005-02-04 00:00,0.0
,2005-02-05 00:00,0.0
,2005-02-06 00:00,0.0
,2005-02-07 00:00,0.0
,2005-02-08 00:00,0.0
,2005-02-09 00:00,0.0
,2005-02-10 00:00,0.0
,2005-02-11 00:00,0.0
,2005-02-12 00:00,0.0
,2005-02-13 00:00,0.0
,2005-02-14 00:00,0.0
,2005-02-15 00:00,0.0
,2005-02-16 00:00,0.0
,2005-02-17 00:00,0.0
,2005-02-18 00:00,0.0
,2005-02-19 00:00,0.0
,2005-02-20 00:00,0.0
,2005-02-21 00:00,0.0
,2005-02-22 00:00,0.0
,2005-02-23 00:00,0.0
,2005-02-24 00:00,0.0
,2005-02-25 00:00,0.0
,2005-02-26 00:00,0.0
,2005-02-27 00:00,0.0
,2005-02-28 00:00,0.0
,2005-03-01 00:00,0.0
,2005-03-02 00:00,0.0
,2005-03-03 00:00,0.0
,2005-03-04 00:00,0.0
,2005-03-05 00:00,0.0
,2005-03-06 00:00,0.0
,2005-03-07 00:00,0.0
,2005-03-08 00:00,0.0
,2005-03-09 00:00,0.0
,2005-03-10 00:00,0.0
,2005-03-11 00:00,0.0
,2005-03-12 00:00,0.0
,2005-03-13 00:00,0.0
,2005-03-14 00:00,0.0
,2005-03-15 00:00,0.0
,2005-03-16 00:00,0.0
,2005-03-17 00:00,0.0
,2005-03-18 00:00,0.0
,2005-03-19 00:00,0.0
,2005-03-20 00:00,0.0
,2005-03-21 00:00,0.0
,2005-03-22 00:00,0.0
,2005-03-23 00:00,0.0
,2005-03-24 00:00,0.0
,2005-03-25 00:00,0.0
,2005-03-26 00:00,0.0
,2005-03-27 00:00,0.0
,2005-03-28 00:00,0.0
,2005-03-29 00:00,0.0
,2005-03-30 00:00,0.0
,2005-03-31 00:00,0.0
,2005-04-01 00:00,0.0
,2005-04-02 00:00,0.0
,2005-04-03 00:00,0.0
,2005-04-04 00:00,0.0
,2005-04-05 00:00,0.0
,2005-04-06 00:00,0.0
,2005-04-07 00:00,0.0
,2005-04-08 00:00,0.0
,2005-04-09 00:00,0.0
,2005-04-10 00:00,0.0
,2005-04-11 00:00,0.0
,2005-04-12 00:00,0.0
,2005-04-13 00:00,0.0
,2005-04-14 00:00,0.0
,2005-04-15 00:00,0.0
,2005-04-16 00:00,0.0
,2005-04-17 00:00,0.0
,2005-04-18 00:00,0.0
,2005-04-19 00:00,0.0
,2005-04-20 00:00,0.0
,2005-04-21 00:00,0.0
,2005-04-22 00:00,0.0
,2005-04-23 00:00,3.6418485142231134
,2005-04-24 00:00,15.297865094343337
,2005-04-25 00:00,9.02824825239935
,2005-04-26 00:00,1.0086518031357627
,2005-04-27 00:00,0.0
,2005-04-28 00:00,0.54423925698282
,2005-04-29 00:00,7.774324884010525
,2005-04-30 00:00,7.466265858195413
,2005-05-01 00:00,0.6368894803352134
,2005-05-02 00:00,0.0
,2005-05-03 00:00,11.681460951656305
,2005-05-04 00:00,5.390354965938627
,2005-05-05 00:00,0.0
,2005-05-06 00:00,0.0
,2005-05-07 00:00,0.0
,2005-05-08 00:00,0.0
,2005-05-09 00:00,0.0
,2005-05-10 00:00,1.6595472977050179
,2005-05-11 00:00,11.786879662854687
,2005-05-12 00:00,17.233425826297122
,2005-05-13 00:00,3.0606831223270774
,2005-05-14 00:00,17.24176174983873
,2005-05-15 00:00,20.536938407622586
,2005-05-16 00:00,17.55492715744319
,2005-05-17 00:00,5.390354965938656
,2005-05-18 00:00,1.031061241045819
,2005-05-19 00:00,6.426552775088425
,2005-05-20 00:00,8.275894231366067
,2005-05-21 00:00,23.2626351119344
,2005-05-22 00:00,22.570620630998377
,2005-05-23 00:00,8.275894231366067
,2005-05-24 00:00,16.301003789054377
,2005-05-25 00:00,23.072189978353876
,2005-05-26 00:00,31.849653557075484
,2005-05-27 00:00,27.586314104553566
,2005-05-28 00:00,24.576898020420458
,2005-05-29 00:00,20.815127915254052
,2005-05-30 00:00,21.818266609965107
,2005-05-31 00:00,15.548649768021093
,2005-06-01 00:00,13.040803031243513
,2005-06-02 00:00,12.037664336532444
,2005-06-03 00:00,11.285310315499189
,2005-06-04 00:00,19.103399447426874
,2005-06-05 00:00,29.61361608117329
,2005-06-06 00:00,14.419738887980799
,2005-06-07 00:00,26.50096090798143
,2005-06-08 00:00,39.51619608646627
,2005-06-09 00:00,34.89204202329896
,2005-06-10 00:00,41.02282034992482
,2005-06-11 00:00,13.79315705227679
,2005-06-12 00:00,23.573759325709403
,2005-06-13 00:00,18.558065852154215
,2005-06-14 00:00,19.014373980503468
,2005-06-15 00:00,10.787675845458345
,2005-06-16 00:00,10.405755451764062
,2005-06-17 00:00,13.647706993896865
,2005-06-18 00:00,6.713971512348774
,2005-06-19 00:00,9.028248252399349
,2005-06-20 00:00,25.342749921844412
,2005-06-21 00:00,22.82140530467613
,2005-06-22 00:00,4.054233340520215
,2005-06-23 00:00,0.0
,2005-06-24 00:00,0.0
,2005-06-25 00:00,0.0
,2005-06-26 00:00,0.0
,2005-06-27 00:00,0.0
,2005-06-28 00:00,0.0
,2005-06-29 00:00,0.0
,2005-06-30 00:00,0.0
,2005-07-01 00:00,0.0
,2005-07-02 00:00,0.0
,2005-07-03 00:00,0.0
,2005-07-04 00:00,0.0
,2005-07-05 00:00,0.0
,2005-07-06 00:00,3.0794587969868363
,2005-07-07 00:00,0.0
,2005-07-08 00:00,0.0
,2005-07-09 00:00,0.0
,2005-07-10 00:00,0.0
,2005-07-11 00:00,0.0
,2005-07-12 00:00,0.0
,2005-07-13 00:00,0.0
,2005-07-14 00:00,0.0
,2005-07-15 00:00,0.0
,2005-07-16 00:00,0.0
,2005-07-17 00:00,0.0
,2005-07-18 00:00,0.0
,2005-07-19 00:00,0.0
,2005-07-20 00:00,0.0
,2005-07-21 00:00,0.0
,2005-07-22 00:00,0.0
,2005-07-23 00:00,0.0
,2005-07-24 00:00,0.0
,2005-07-25 00:00,0.0
,2005-07-26 00:00,0.0
,2005-07-27 00:00,0.0
,2005-07-28 00:00,3.1115456213164783
,2005-07-29 00:00,6.213558182926031
,2005-07-30 00:00,0.0
,2005-07-31 00:00,6.153307404043196
,2005-08-01 00:00,0.0
,2005-08-02 00:00,0.0
,2005-08-03 00:00,0.0
,2005-08-04 00:00,0.0
,2005-08-05 00:00,3.1043695131772533
,2005-08-06 00:00,0.0
,2005-08-07 00:00,3.100697810231274
,2005-08-08 00:00,15.438803187613907
,2005-08-09 00:00,0.0
,2005-08-10 00:00,0.0
,2005-08-11 00:00,0.0
,2005-08-12 00:00,0.0
,2005-08-13 00:00,0.0
,2005-08-14 00:00,3.0972352883005527
,2005-08-15 00:00,6.184175707915645
,2005-08-16 00:00,3.074691040771669
,2005-08-17 00:00,0.0
,2005-08-18 00:00,0.0
,2005-08-19 00:00,15.207269763498452
,2005-08-20 00:00,0.0
,2005-08-21 00:00,3.0715968510062157
,2005-08-22 00:00,3.0705229332058472
,2005-08-23 00:00,0.0
,2005-08-24 00:00,0.0
,2005-08-25 00:00,0.0
,2005-08-26 00:00,0.0
,2005-08-27 00:00,0.0
,2005-08-28 00:00,0.0
,2005-08-29 00:00,0.0
,2005-08-30 00:00,0.0
,2005-08-31 00:00,0.0
,2005-09-01 00:00,0.0
,2005-09-02 00:00,0.0
,2005-09-03 00:00,0.0
,2005-09-04 00:00,0.0
,2005-09-05 00:00,0.0
,2005-09-06 00:00,0.0
,2005-09-07 00:00,0.0
,2005-09-08 00:00,0.0
,2005-09-09 00:00,0.0
,2005-09-10 00:00,0.0
,2005-09-11 00:00,0.0
,2005-09-12 00:00,0.0
,2005-09-13 00:00,0.0
,2005-09-14 00:00,3.0885126997456385
,2005-09-15 00:00,3.0715968510062157
,2005-09-16 00:00,0.0
,2005-09-17 00:00,0.0
,2005-09-18 00:00,0.0
,2005-09-19 00:00,0.0
,2005-09-20 00:00,0.0
,2005-09-21 00:00,0.0
,2005-09-22 00:00,0.0
,2005-09-23 00:00,0.0
,2005-09-24 00:00,0.0
,2005-09-25 00:00,0.0
,2005-09-26 00:00,0.0
,2005-09-27 00:00,9.227045979639131
,2005-09-28 00:00,0.0
,2005-09-29 00:00,0.0
,2005-09-30 00:00,0.0
,2005-10-01 00:00,0.0
,2005-10-02 00:00,0.0
,2005-10-03 00:00,21.445088736893396
,2005-10-04 00:00,0.0
,2005-10-05 00:00,0.0
,2005-10-06 00:00,0.0
,2005-10-07 00:00,0.0
,2005-10-08 00:00,3.0715968510062157
,2005-10-09 00:00,0.0
,2005-10-10 00:00,0.0
,2005-10-11 00:00,17.999348119551847
,2005-10-12 00:00,0.0
,2005-10-13 00:00,2.473211437736882
,2005-10-14 00:00,0.0
,2005-10-15 00:00,0.0
,2005-10-16 00:00,13.426584991659709
,2005-10-17 00:00,0.0
,2005-10-18 00:00,0.0
,2005-10-19 00:00,0.0
,2005-10-20 00:00,6.8309874267071375
,2005-10-21 00:00,9.780602273432628
,2005-10-22 00:00,2.7152618400069106
,2005-10-23 00:00,0.0
,2005-10-24 00:00,0.0
,2005-10-25 00:00,0.0
,2005-10-26 00:00,5.371473340513601
,2005-10-27 00:00,5.788271708546444
,2005-10-28 00:00,0.0
,2005-10-29 00:00,0.0
,2005-10-30 00:00,0.0
,2005-10-31 00:00,0.0
,2005-11-01 00:00,0.0
,2005-11-02 00:00,0.0
,2005-11-03 00:00,0.0
,2005-11-04 00:00,0.0
,2005-11-05 00:00,2.381574979090043
,2005-11-06 00:00,0.0
,2005-11-07 00:00,0.0
,2005-11-08 00:00,6.748440351925634
,2005-11-09 00:00,0.29866155289577834
,2005-11-10 00:00,0.0
,2005-11-11 00:00,0.0
,2005-11-12 00:00,0.0
,2005-11-13 00:00,4.517743178396168
,2005-11-14 00:00,3.522718718357162
,2005-11-15 00:00,0.0
,2005-11-16 00:00,0.0
,2005-11-17 00:00,0.0
,2005-11-18 00:00,26.295541780909694
,2005-11-19 00:00,0.0
,2005-11-20 00:00,0.0
,2005-11-21 00:00,0.0
,2005-11-22 00:00,0.0
,2005-11-23 00:00,0.0
,2005-11-24 00:00,0.0
,2005-11-25 00:00,0.0
,2005-11-26 00:00,0.0
,2005-11-27 00:00,0.0
,2005-11-28 00:00,0.0
,2005-11-29 00:00,0.0
,2005-11-30 00:00,0.0
,2005-12-01 00:00,0.0
,2005-12-02 00:00,0.0
,2005-12-03 00:00,0.0
,2005-12-04 00:00,0.0
,2005-12-05 00:00,0.0
,2005-12-06 00:00,0.0
,2005-12-07 00:00,0.0
,2005-12-08 00:00,0.0
,2005-12-09 00:00,0.0
,2005-12-10 00:00,0.0
,2005-12-11 00:00,0.0
,2005-12-12 00:00,0.0
,2005-12-13 00:00,0.0
,2005-12-14 00:00,0.0
,2005-12-15 00:00,0.0
,2005-12-16 00:00,0.0
,2005-12-17 00:00,0.0
,2005-12-18 00:00,0.0
,2005-12-19 00:00,0.0
,2005-12-20 00:00,0.0
,2005-12-21 00:00,0.0
,2005-12-22 00:00,0.0
,2005-12-23 00:00,0.0
,2005-12-24 00:00,0.0
,2005-12-25 00:00,0.0
,2005-12-26 00:00,0.0
,2005-12-27 00:00,0.0
,2005-12-28 00:00,0.0
,2005-12-29 00:00,0.0
,2005-12-30 00:00,0.0
,2005-12-31 00:00,0.0
,2006-01-01 00:00,0.0
,2006-01-02 00:00,0.0
,2006-01-03 00:00,0.0
,2006-01-04 00:00,0.0
,2006-01-05 00:00,0.0
,2006-01-06 00:00,0.0
,2006-01-07 00:00,0.0
,2006-01-08 00:00,0.0
,2006-01-09 00:00,0.0
,2006-01-10 00:00,0.0
,2006-01-11 00:00,0.0
,2006-01-12 00:00,0.0
,2006-01-13 00:00,0.0
,2006-01-14 00:00,0.0
,2006-01-15 00:00,0.0
,2006-01-16 00:00,0.0
,2006-01-17 00:00,0.0
,2006-01-18 00:00,0.0
,2006-01-19 00:00,0.0
,2006-01-20 00:00,0.0
,2006-01-21 00:00,0.0
,2006-01-22 00:00,0.0
,2006-01-23 00:00,0.0
,2006-01-24 00:00,0.0
,2006-01-25 00:00,0.0
,2006-01-26 00:00,0.0
,2006-01-27 00:00,0.0
,2006-01-28 00:00,0.0
,2006-01-29 00:00,0.0
,2006-01-30 00:00,0.0
,2006-01-31 00:00,0.0
,2006-02-01 00:00,0.0
,2006-02-02 00:00,0.0
,2006-02-03 00:00,0.0
,2006-02-04 00:00,0.0
,2006-02-05 00:00,0.0
,2006-02-06 00:00,0.0
,2006-02-07 00:00,0.0
,2006-02-08 00:00,0.0
,2006-02-09 00:00,0.0
,2006-02-10 00:00,0.0
,2006-02-11 00:00,0.0
,2006-02-12 00:00,0.0
,2006-02-13 00:00,0.0
,2006-02-14 00:00,0.0
,2006-02-15 00:00,0.0
,2006-02-16 00:00,0.0
,2006-02-17 00:00,0.0
,2006-02-18 00:00,0.0
,2006-02-19 00:00,0.0
,2006-02-20 00:00,0.0
,2006-02-21 00:00,0.0
,2006-02-22 00:00,0.0
,2006-02-23 00:00,0.0
,2006-02-24 00:00,0.0
,2006-02-25 00:00,0.0
,2006-02-26 00:00,0.0
,2006-02-27 00:00,0.0
,2006-02-28 00:00,0.0
,2006-03-01 00:00,0.0
,2006-03-02 00:00,0.0
,2006-03-03 00:00,0.0
,2006-03-04 00:00,0.0
,2006-03-05 00:00,0.0
,2006-03-06 00:00,0.0
,2006-03-07 00:00,0.0
,2006-03-08 00:00,0.0
,2006-03-09 00:00,0.0
,2006-03-10 00:00,0.0
,2006-03-11 00:00,0.0
,2006-03-12 00:00,0.0
,2006-03-13 00:00,0.0
,2006-03-14 00:00,0.0
,2006-03-15 00:00,0.0
,2006-03-16 00:00,0.0
,2006-03-17 00:00,0.0
,2006-03-18 00:00,0.0
,2006-03-19 00:00,0.0
,2006-03-20 00:00,0.0
,2006-03-21 00:00,0.0
,2006-03-22 00:00,0.0
,2006-03-23 00:00,0.0
,2006-03-24 00:00,0.0
,2006-03-25 00:00,0.0
,2006-03-26 00:00,0.0
,2006-03-27 00:00,0.0
,2006-03-28 00:00,0.0
,2006-03-29 00:00,0.0
,2006-03-30 00:00,0.0
,2006-03-31 00:00,0.0
,2006-04-01 00:00,0.0
,2006-04-02 00:00,0.0
,2006-04-03 00:00,0.0
,2006-04-04 00:00,0.0
,2006-04-05 00:00,0.0
,2006-04-06 00:00,0.0
,2006-04-07 00:00,0.0
,2006-04-08 00:00,0.0
,2006-04-09 00:00,0.0
,2006-04-10 00:00,0.0
,2006-04-11 00:00,0.0
,2006-04-12 00:00,0.0
,2006-04-13 00:00,0.0
,2006-04-14 00:00,0.0
,2006-04-15 00:00,0.0
,2006-04-16 00:00,0.0
,2006-04-17 00:00,0.0
,2006-04-18 00:00,0.0
,2006-04-19 00:00,2.9041226697337663
,2006-04-20 00:00,18.307281178476472
,2006-04-21 00:00,21.80360080105575
,2006-04-22 00:00,7.355732646811077
,2006-04-23 00:00,15.79943444169885
,2006-04-24 00:00,13.040803031243485
,2006-04-25 00:00,0.0
,2006-04-26 00:00,0.0
,2006-04-27 00:00,0.0
,2006-04-28 00:00,7.365073311801012
,2006-04-29 00:00,20.564343241576296
,2006-04-30 00:00,16.551788462732134
,2006-05-01 00:00,0.0
,2006-05-02 00:00,1.5298736609266825
,2006-05-03 00:00,13.64770699389689
,2006-05-04 00:00,14.294726399632282
,2006-05-05 00:00,0.0
,2006-05-06 00:00,4.928285682562006
,2006-05-07 00:00,14.545200549287927
,2006-05-08 00:00,14.933120031233415
,2006-05-09 00:00,15.297865094343337
,2006-05-10 00:00,22.21017214162299
,2006-05-11 00:00,7.279942796616268
,2006-05-12 00:00,5.541845280857302
,2006-05-13 00:00,9.729822964934698
,2006-05-14 00:00,14.676549673436156
,2006-05-15 00:00,18.967131811483057
,2006-05-16 00:00,2.5078467367775943
,2006-05-17 00:00,0.0
,2006-05-18 00:00,11.86982563228662
,2006-05-19 00:00,21.065912588931795
,2006-05-20 00:00,19.561204546865255
,2006-05-21 00:00,14.796295746987823
,2006-05-22 00:00,13.793157052276769
,2006-05-23 00:00,15.799434441698878
,2006-05-24 00:00,16.80257313640989
,2006-05-25 00:00,20.31355856789854
,2006-05-26 00:00,23.574359770568165
,2006-05-27 00:00,23.824543999387174
,2006-05-28 00:00,19.059635199509728
,2006-05-29 00:00,30.527416588865975
,2006-05-30 00:00,22.239605071156483
,2006-05-31 00:00,28.308591823270092
,2006-06-01 00:00,22.069051283642843
,2006-06-02 00:00,22.821405304676126
,2006-06-03 00:00,26.83396008352029
,2006-06-04 00:00,13.291587704921259
,2006-06-05 00:00,5.7680474945884725
,2006-06-06 00:00,10.282171620788144
,2006-06-07 00:00,20.029759563684728
,2006-06-08 00:00,20.062773894220776
,2006-06-09 00:00,24.326113346742687
,2006-06-10 00:00,1.1424759805712634
,2006-06-11 00:00,0.0
,2006-06-12 00:00,0.0
,2006-06-13 00:00,0.0
,2006-06-14 00:00,0.0
,2006-06-15 00:00,0.0
,2006-06-16 00:00,0.0
,2006-06-17 00:00,9.144493117134084
,2006-06-18 00:00,0.0
,2006-06-19 00:00,0.0
,2006-06-20 00:00,0.0
,2006-06-21 00:00,0.0
,2006-06-22 00:00,0.0
,2006-06-23 00:00,0.0
,2006-06-24 00:00,0.0
,2006-06-25 00:00,0.0
,2006-06-26 00:00,0.0
,2006-06-27 00:00,0.0
,2006-06-28 00:00,0.0
,2006-06-29 00:00,0.0
,2006-06-30 00:00,0.0
,2006-07-01 00:00,0.0
,2006-07-02 00:00,0.0
,2006-07-03 00:00,9.194410113123112
,2006-07-04 00:00,3.0715968510062157
,2006-07-05 00:00,3.0829608074487864
,2006-07-06 00:00,0.0
,2006-07-07 00:00,0.0
,2006-07-08 00:00,0.0
,2006-07-09 00:00,6.181387181333236
,2006-07-10 00:00,12.34486754571926
,2006-07-11 00:00,9.256273491822418
,2006-07-12 00:00,0.0
,2006-07-13 00:00,0.0
,2006-07-14 00:00,0.0
,2006-07-15 00:00,24.564183465646778
,2006-07-16 00:00,21.369418865891056
,2006-07-17 00:00,9.248882422346359
,2006-07-18 00:00,0.0
,2006-07-19 00:00,0.0
,2006-07-20 00:00,0.0
,2006-07-21 00:00,0.0
,2006-07-22 00:00,0.0
,2006-07-23 00:00,0.0
,2006-07-24 00:00,0.0
,2006-07-25 00:00,0.0
,2006-07-26 00:00,9.291705864901658
,2006-07-27 00:00,18.579760977243893
,2006-07-28 00:00,12.396022685993602
,2006-07-29 00:00,0.0
,2006-07-30 00:00,3.1072415602329233
,2006-07-31 00:00,0.0
,2006-08-01 00:00,6.188190950837439
,2006-08-02 00:00,6.212620633773287
,2006-08-03 00:00,9.305354860403792
,2006-08-04 00:00,3.105835106853935
,2006-08-05 00:00,0.0
,2006-08-06 00:00,0.0
,2006-08-07 00:00,0.0
,2006-08-08 00:00,0.0
,2006-08-09 00:00,6.138853303683494
,2006-08-10 00:00,0.0
,2006-08-11 00:00,0.0
,2006-08-12 00:00,0.0
,2006-08-13 00:00,0.0
,2006-08-14 00:00,0.0
,2006-08-15 00:00,0.0
,2006-08-16 00:00,0.0
,2006-08-17 00:00,0.0
,2006-08-18 00:00,0.0
,2006-08-19 00:00,0.0
,2006-08-20 00:00,0.0
,2006-08-21 00:00,0.0
,2006-08-22 00:00,12.34486754571926
,2006-08-23 00:00,0.0
,2006-08-24 00:00,6.169235889537887
,2006-08-25 00:00,0.0
,2006-08-26 00:00,6.114126174534466
,2006-08-27 00:00,9.2179472408666
,2006-08-28 00:00,3.0869954811102396
,2006-08-29 00:00,0.0
,2006-08-30 00:00,0.0
,2006-08-31 00:00,0.0
,2006-09-01 00:00,3.0726490802888664
,2006-09-02 00:00,12.143762826288826
,2006-09-03 00:00,20.204103995593954
,2006-09-04 00:00,0.0
,2006-09-05 00:00,0.0
,2006-09-06 00:00,0.0
,2006-09-07 00:00,0.0
,2006-09-08 00:00,0.0
,2006-09-09 00:00,0.0
,2006-09-10 00:00,0.0
,2006-09-11 00:00,0.0
,2006-09-12 00:00,0.0
,2006-09-13 00:00,3.067164155756843
,2006-09-14 00:00,0.0
,2006-09-15 00:00,5.999782706517282
,2006-09-16 00:00,23.635271186859974
,2006-09-17 00:00,0.0
,2006-09-18 00:00,0.0
,2006-09-19 00:00,0.0
,2006-09-20 00:00,3.064803371041037
,2006-09-21 00:00,3.049738782030042
,2006-09-22 00:00,6.051354665059232
,2006-09-23 00:00,0.24718226698887147
,2006-09-24 00:00,0.0
,2006-09-25 00:00,3.6744437710254116
,2006-09-26 00:00,14.796295746987822
,2006-09-27 00:00,18.66893824380604
,2006-09-28 00:00,7.1871486194040575
,2006-09-29 00:00,0.5723268095348608
,2006-09-30 00:00,0.0
,2006-10-01 00:00,2.871027536099639
,2006-10-02 00:00,9.195334526843808
,2006-10-03 00:00,14.796295746987822
,2006-10-04 00:00,12.037664336532464
,2006-10-05 00:00,0.9001433072238235
,2006-10-06 00:00,0.0
,2006-10-07 00:00,0.0
,2006-10-08 00:00,0.0
,2006-10-09 00:00,0.0
,2006-10-10 00:00,0.0
,2006-10-11 00:00,8.783447333168398
,2006-10-12 00:00,0.0
,2006-10-13 00:00,0.0
,2006-10-14 00:00,3.0610634825304204
,2006-10-15 00:00,0.0
,2006-10-16 00:00,2.8502169139165274
,2006-10-17 00:00,0.0
,2006-10-18 00:00,0.4020975530103068
,2006-10-19 00:00,1.5047080420665577
,2006-10-20 00:00,0.25392584427633136
,2006-10-21 00:00,0.0
,2006-10-22 00:00,0.0
,2006-10-23 00:00,0.0
,2006-10-24 00:00,7.538023943571345
,2006-10-25 00:00,0.0
,2006-10-26 00:00,0.0
,2006-10-27 00:00,0.0
,2006-10-28 00:00,0.0
,2006-10-29 00:00,0.0
,2006-10-30 00:00,0.0
,2006-10-31 00:00,0.0
,2006-11-01 00:00,0.0
,2006-11-02 00:00,0.0
,2006-11-03 00:00,0.0
,2006-11-04 00:00,0.0
,2006-11-05 00:00,0.0
,2006-11-06 00:00,0.0
,2006-11-07 00:00,0.0
,2006-11-08 00:00,0.0
,2006-11-09 00:00,0.0
,2006-11-10 00:00,0.0
,2006-11-11 00:00,0.0
,2006-11-12 00:00,0.0
,2006-11-13 00:00,0.0
,2006-11-14 00:00,0.0
,2006-11-15 00:00,10.470606873037678
,2006-11-16 00:00,17.053357810087657
,2006-11-17 00:00,11.58313527517032
,2006-11-18 00:00,0.0
,2006-11-19 00:00,0.5172393042653738
,2006-11-20 00:00,0.0
,2006-11-21 00:00,0.0
,2006-11-22 00:00,0.0
,2006-11-23 00:00,0.0
,2006-11-24 00:00,0.0
,2006-11-25 00:00,0.0
,2006-11-26 00:00,0.0
,2006-11-27 00:00,0.0
,2006-11-28 00:00,0.0
,2006-11-29 00:00,2.4823534786536214
,2006-11-30 00:00,8.777463578721587
,2006-12-01 00:00,4.263339452521915
,2006-12-02 00:00,0.0
,2006-12-03 00:00,0.0
,2006-12-04 00:00,0.0
,2006-12-05 00:00,0.0
,2006-12-06 00:00,0.0
,2006-12-07 00:00,0.0
,2006-12-08 00:00,0.0
,2006-12-09 00:00,0.0
,2006-12-10 00:00,0.0
,2006-12-11 00:00,0.0
,2006-12-12 00:00,0.0
,2006-12-13 00:00,0.0
,2006-12-14 00:00,0.0
,2006-12-15 00:00,0.0
,2006-12-16 00:00,0.0
,2006-12-17 00:00,0.0
,2006-12-18 00:00,0.0
,2006-12-19 00:00,0.0
,2006-12-20 00:00,0.0
,2006-12-21 00:00,0.0
,2006-12-22 00:00,0.0
,2006-12-23 00:00,0.0
,2006-12-24 00:00,0.0
,2006-12-25 00:00,0.0
,2006-12-26 00:00,0.0
,2006-12-27 00:00,0.0
,2006-12-28 00:00,0.0
,2006-12-29 00:00,0.0
,2006-12-30 00:00,0.0
,2006-12-31 00:00,0.0
,2007-01-01 00:00,0.0
,2007-01-02 00:00,0.0
,2007-01-03 00:00,0.0
,2007-01-04 00:00,0.0
,2007-01-05 00:00,0.0
,2007-01-06 00:00,0.0
,2007-01-07 00:00,0.0
,2007-01-08 00:00,0.0
,2007-01-09 00:00,0.0
,2007-01-10 00:00,0.0
,2007-01-11 00:00,0.0
,2007-01-12 00:00,0.0
,2007-01-13 00:00,0.0
,2007-01-14 00:00,0.0
,2007-01-15 00:00,0.0
,2007-01-16 00:00,0.0
,2007-01-17 00:00,0.0
,2007-01-18 00:00,0.0
,2007-01-19 00:00,0.0
,2007-01-20 00:00,0.0
,2007-01-21 00:00,0.0
,2007-01-22 00:00,0.0
,2007-01-23 00:00,0.0
,2007-01-24 00:00,0.0
,2007-01-25 00:00,0.0
,2007-01-26 00:00,0.0
,2007-01-27 00:00,0.0
,2007-01-28 00:00,0.0
,2007-01-29 00:00,0.0
,2007-01-30 00:00,0.0
,2007-01-31 00:00,0.0
,2007-02-01 00:00,0.0
,2007-02-02 00:00,0.0
,2007-02-03 00:00,0.0
,2007-02-04 00:00,0.0
,2007-02-05 00:00,0.0
,2007-02-06 00:00,0.0
,2007-02-07 00:00,0.0
,2007-02-08 00:00,0.0
,2007-02-09 00:00,0.0
,2007-02-10 00:00,0.0
,2007-02-11 00:00,0.0
,2007-02-12 00:00,0.0
,2007-02-13 00:00,0.0
,2007-02-14 00:00,0.0
,2007-02-15 00:00,0.0
,2007-02-16 00:00,0.0
,2007-02-17 00:00,0.0
,2007-02-18 00:00,0.0
,2007-02-19 00:00,0.0
,2007-02-20 00:00,0.0
,2007-02-21 00:00,0.0
,2007-02-22 00:00,0.0
,2007-02-23 00:00,0.0
,2007-02-24 00:00,0.0
,2007-02-25 00:00,0.0
,2007-02-26 00:00,0.0
,2007-02-27 00:00,0.0
,2007-02-28 00:00,0.0
,2007-03-01 00:00,0.0
,2007-03-02 00:00,0.0
,2007-03-03 00:00,0.0
,2007-03-04 00:00,0.0
,2007-03-05 00:00,0.0
,2007-03-06 00:00,0.0
,2007-03-07 00:00,0.0
,2007-03-08 00:00,0.0
,2007-03-09 00:00,0.0
,2007-03-10 00:00,0.0
,2007-03-11 00:00,0.0
,2007-03-12 00:00,0.0
,2007-03-13 00:00,0.0
,2007-03-14 00:00,0.0
,2007-03-15 00:00,0.0
,2007-03-16 00:00,0.0
,2007-03-17 00:00,0.0
,2007-03-18 00:00,0.0
,2007-03-19 00:00,0.0
,2007-03-20 00:00,0.0
,2007-03-21 00:00,0.0
,2007-03-22 00:00,0.0
,2007-03-23 00:00,0.0
,2007-03-24 00:00,0.0
,2007-03-25 00:00,0.0
,2007-03-26 00:00,0.0
,2007-03-27 00:00,0.0
,2007-03-28 00:00,0.0
,2007-03-29 00:00,0.0
,2007-03-30 00:00,0.0
,2007-03-31 00:00,0.0
,2007-04-01 00:00,0.0
,2007-04-02 00:00,1.815660531506012
,2007-04-03 00:00,6.269616841943986
,2007-04-04 00:00,13.131504656714924
,2007-04-05 00:00,0.0
,2007-04-06 00:00,0.0
,2007-04-07 00:00,0.0
,2007-04-08 00:00,0.0
,2007-04-09 00:00,0.6110579316676308
,2007-04-10 00:00,6.520401515621728
,2007-04-11 00:00,3.5109854314886206
,2007-04-12 00:00,11.573542343117197
,2007-04-13 00:00,15.776868976586343
,2007-04-14 00:00,0.0
,2007-04-15 00:00,0.0
,2007-04-16 00:00,2.295213405482855
,2007-04-17 00:00,10.405755451764065
,2007-04-18 00:00,0.0
,2007-04-19 00:00,0.0
,2007-04-20 00:00,0.0
,2007-04-21 00:00,0.0
,2007-04-22 00:00,0.0
,2007-04-23 00:00,5.387037698259377
,2007-04-24 00:00,5.266478147232931
,2007-04-25 00:00,5.541845280857302
,2007-04-26 00:00,13.38977067878622
,2007-04-27 00:00,0.0
,2007-04-28 00:00,11.04957602452285
,2007-04-29 00:00,1.2539233683887971
,2007-04-30 00:00,5.840947132925351
,2007-05-01 00:00,9.164603572175622
,2007-05-02 00:00,0.0
,2007-05-03 00:00,0.0
,2007-05-04 00:00,3.0690083349042254
,2007-05-05 00:00,9.780602273432635
,2007-05-06 00:00,19.31041987318747
,2007-05-07 00:00,21.31669726260961
,2007-05-08 00:00,18.056496504798673
,2007-05-09 00:00,13.793157052276769
,2007-05-10 00:00,16.301003789054377
,2007-05-11 00:00,12.037664336532444
,2007-05-12 00:00,0.0
,2007-05-13 00:00,0.08282290144360616
,2007-05-14 00:00,0.0
,2007-05-15 00:00,0.0
,2007-05-16 00:00,7.513069545672977
,2007-05-17 00:00,10.532956294465905
,2007-05-18 00:00,16.80257313640989
,2007-05-19 00:00,19.561204546865255
,2007-05-20 00:00,18.808850525831986
,2007-05-21 00:00,17.80571183112093
,2007-05-22 00:00,18.506103038350957
,2007-05-23 00:00,13.542372378599026
,2007-05-24 00:00,17.742867539862246
,2007-05-25 00:00,14.043941725954554
,2007-05-26 00:00,17.805711831120917
,2007-05-27 00:00,18.0564965047987
,2007-05-28 00:00,16.05021911537662
,2007-05-29 00:00,16.802573136409904
,2007-05-30 00:00,0.8043730654072121
,2007-05-31 00:00,1.2539233683887971
,2007-06-01 00:00,8.65611963278404
,2007-06-02 00:00,15.799434441698871
,2007-06-03 00:00,15.799434441698857
,2007-06-04 00:00,17.805711831120938
,2007-06-05 00:00,20.062773894220783
,2007-06-06 00:00,4.012554778844155
,2007-06-07 00:00,9.79497679335515
,2007-06-08 00:00,13.542372378599026
,2007-06-09 00:00,7.02197086297727
,2007-06-10 00:00,16.802573136409897
,2007-06-11 00:00,18.056496504798698
,2007-06-12 00:00,14.545511073310065
,2007-06-13 00:00,25.32925204145372
,2007-06-14 00:00,0.46307353125365414
,2007-06-15 00:00,0.0
,2007-06-16 00:00,0.7936783602849785
,2007-06-17 00:00,0.0
,2007-06-18 00:00,0.0
,2007-06-19 00:00,0.0
,2007-06-20 00:00,0.0
,2007-06-21 00:00,0.0
,2007-06-22 00:00,0.0
,2007-06-23 00:00,0.0
,2007-06-24 00:00,0.0
,2007-06-25 00:00,0.0
,2007-06-26 00:00,0.0
,2007-06-27 00:00,0.0
,2007-06-28 00:00,0.0
,2007-06-29 00:00,0.0
,2007-06-30 00:00,0.0
,2007-07-01 00:00,0.0
,2007-07-02 00:00,0.0
,2007-07-03 00:00,0.0
,2007-07-04 00:00,0.0
,2007-07-05 00:00,0.0
,2007-07-06 00:00,0.0
,2007-07-07 00:00,0.0
,2007-07-08 00:00,0.0
,2007-07-09 00:00,0.0
,2007-07-10 00:00,0.0
,2007-07-11 00:00,0.0
,2007-07-12 00:00,0.0
,2007-07-13 00:00,0.0
,2007-07-14 00:00,0.0
,2007-07-15 00:00,3.1085923770704453
,2007-07-16 00:00,3.0885126997456385
,2007-07-17 00:00,3.100697810231274
,2007-07-18 00:00,0.0
,2007-07-19 00:00,0.0
,2007-07-20 00:00,0.0
,2007-07-21 00:00,0.0
,2007-07-22 00:00,0.0
,2007-07-23 00:00,0.0
,2007-07-24 00:00,3.103867191474227
,2007-07-25 00:00,3.101245357205907
,2007-07-26 00:00,3.1094636192061333
,2007-07-27 00:00,9.235624744309138
,2007-07-28 00:00,0.0
,2007-07-29 00:00,0.0
,2007-07-30 00:00,0.0
,2007-07-31 00:00,0.0
,2007-08-01 00:00,0.0
,2007-08-02 00:00,15.470477377093594
,2007-08-03 00:00,6.181387181333236
,2007-08-04 00:00,3.092767958695749
,2007-08-05 00:00,0.0
,2007-08-06 00:00,0.0
,2007-08-07 00:00,0.0
,2007-08-08 00:00,0.0
,2007-08-09 00:00,0.0
,2007-08-10 00:00,34.01296639353605
,2007-08-11 00:00,0.0
,2007-08-12 00:00,0.0
,2007-08-13 00:00,9.248882422346359
,2007-08-14 00:00,0.0
,2007-08-15 00:00,18.454091959278262
,2007-08-16 00:00,0.0
,2007-08-17 00:00,0.0
,2007-08-18 00:00,0.0
,2007-08-19 00:00,0.0
,2007-08-20 00:00,0.0
,2007-08-21 00:00,3.100697810231274
,2007-08-22 00:00,6.167593693613103
,2007-08-23 00:00,3.093437078030048
,2007-08-24 00:00,0.0
,2007-08-25 00:00,27.706874232927415
,2007-08-26 00:00,3.0869954811102396
,2007-08-27 00:00,0.0
,2007-08-28 00:00,0.0
,2007-08-29 00:00,0.0
,2007-08-30 00:00,0.0
,2007-08-31 00:00,3.03782788102992
,2007-09-01 00:00,0.0
,2007-09-02 00:00,0.0
,2007-09-03 00:00,3.0940954754187193
,2007-09-04 00:00,3.080358860697328
,2007-09-05 00:00,0.0
,2007-09-06 00:00,0.0
,2007-09-07 00:00,0.0
,2007-09-08 00:00,3.0794587969868363
,2007-09-09 00:00,0.0
,2007-09-10 00:00,3.0885126997456385
,2007-09-11 00:00,0.0
,2007-09-12 00:00,0.0
,2007-09-13 00:00,3.089978860327502
,2007-09-14 00:00,24.397910256240337
,2007-09-15 00:00,0.0
,2007-09-16 00:00,0.0
,2007-09-17 00:00,3.05423773665499
,2007-09-18 00:00,6.04688420877274
,2007-09-19 00:00,0.0
,2007-09-20 00:00,3.089978860327502
,2007-09-21 00:00,0.0
,2007-09-22 00:00,3.089252000238468
,2007-09-23 00:00,0.0
,2007-09-24 00:00,15.285315436336163
,2007-09-25 00:00,21.059539740373342
,2007-09-26 00:00,5.980700105036154
,2007-09-27 00:00,0.0
,2007-09-28 00:00,0.0
,2007-09-29 00:00,0.0
,2007-09-30 00:00,0.0
,2007-10-01 00:00,18.112601804688964
,2007-10-02 00:00,21.249065900898017
,2007-10-03 00:00,6.135688027500063
,2007-10-04 00:00,10.532956294465908
,2007-10-05 00:00,0.10440562139682193
,2007-10-06 00:00,3.067164155756843
,2007-10-07 00:00,6.03264153489309
,2007-10-08 00:00,0.0
,2007-10-09 00:00,2.4718758551865174
,2007-10-10 00:00,31.083762034334846
,2007-10-11 00:00,8.329168707679084
,2007-10-12 00:00,0.0
,2007-10-13 00:00,3.063584105270485
,2007-10-14 00:00,0.0
,2007-10-15 00:00,3.01876696744816
,2007-10-16 00:00,0.0
,2007-10-17 00:00,0.0
,2007-10-18 00:00,0.0
,2007-10-19 00:00,0.0
,2007-10-20 00:00,0.0
,2007-10-21 00:00,0.0
,2007-10-22 00:00,16.4652615618293
,2007-10-23 00:00,9.882339099602177
,2007-10-24 00:00,1.253923368388798
,2007-10-25 00:00,7.279942796616292
,2007-10-26 00:00,0.0
,2007-10-27 00:00,0.0
,2007-10-28 00:00,7.870574901018349
,2007-10-29 00:00,19.553412925009813
,2007-10-30 00:00,0.0
,2007-10-31 00:00,0.0
,2007-11-01 00:00,0.0
,2007-11-02 00:00,0.0
,2007-11-03 00:00,8.529949125735023
,2007-11-04 00:00,6.018832168266231
,2007-11-05 00:00,10.783740968143666
,2007-11-06 00:00,1.3468612887661016
,2007-11-07 00:00,2.975911437339876
,2007-11-08 00:00,5.8172524273653385
,2007-11-09 00:00,1.9108244077512764
,2007-11-10 00:00,1.7554927157443174
,2007-11-11 00:00,0.0
,2007-11-12 00:00,4.01237281764094
,2007-11-13 00:00,0.19385347957643792
,2007-11-14 00:00,0.0
,2007-11-15 00:00,0.0
,2007-11-16 00:00,0.0
,2007-11-17 00:00,0.0
,2007-11-18 00:00,0.0
,2007-11-19 00:00,0.0
,2007-11-20 00:00,0.0
,2007-11-21 00:00,2.3284255025176117
,2007-11-22 00:00,8.486143124802444
,2007-11-23 00:00,0.0
,2007-11-24 00:00,2.2697257789071372
,2007-11-25 00:00,0.0
,2007-11-26 00:00,0.0
,2007-11-27 00:00,0.0
,2007-11-28 00:00,0.0
,2007-11-29 00:00,0.8043730654072156
,2007-11-30 00:00,0.0
,2007-12-01 00:00,0.0
,2007-12-02 00:00,0.0
,2007-12-03 00:00,0.0
,2007-12-04 00:00,0.0
,2007-12-05 00:00,0.0
,2007-12-06 00:00,0.0
,2007-12-07 00:00,0.0
,2007-12-08 00:00,0.0
,2007-12-09 00:00,0.0
,2007-12-10 00:00,0.0
,2007-12-11 00:00,0.0
,2007-12-12 00:00,0.0
,2007-12-13 00:00,0.0
,2007-12-14 00:00,0.0
,2007-12-15 00:00,0.0
,2007-12-16 00:00,0.0
,2007-12-17 00:00,0.0
,2007-12-18 00:00,0.0
,2007-12-19 00:00,0.0
,2007-12-20 00:00,0.0
,2007-12-21 00:00,0.0
,2007-12-22 00:00,0.0
,2007-12-23 00:00,0.0
,2007-12-24 00:00,0.0
,2007-12-25 00:00,0.0
,2007-12-26 00:00,0.0
,2007-12-27 00:00,0.0
,2007-12-28 00:00,0.0
,2007-12-29 00:00,0.0
,2007-12-30 00:00,0.0
,2007-12-31 00:00,0.0
,2008-01-01 00:00,0.0
,2008-01-02 00:00,0.0
,2008-01-03 00:00,0.0
,2008-01-04 00:00,0.0
,2008-01-05 00:00,0.0
,2008-01-06 00:00,0.0
,2008-01-07 00:00,0.0
,2008-01-08 00:00,0.0
,2008-01-09 00:00,0.0
,2008-01-10 00:00,0.0
,2008-01-11 00:00,0.0
,2008-01-12 00:00,0.0
,2008-01-13 00:00,0.0
,2008-01-14 00:00,0.0
,2008-01-15 00:00,0.0
,2008-01-16 00:00,0.0
,2008-01-17 00:00,0.0
,2008-01-18 00:00,0.0
,2008-01-19 00:00,0.0
,2008-01-20 00:00,0.0
,2008-01-21 00:00,0.0
,2008-01-22 00:00,0.0
,2008-01-23 00:00,0.0
,2008-01-24 00:00,0.0
,2008-01-25 00:00,0.0
,2008-01-26 00:00,0.0
,2008-01-27 00:00,0.0
,2008-01-28 00:00,0.0
,2008-01-29 00:00,0.0
,2008-01-30 00:00,0.0
,2008-01-31 00:00,0.0
,2008-02-01 00:00,0.0
,2008-02-02 00:00,0.0
,2008-02-03 00:00,0.0
,2008-02-04 00:00,0.0
,2008-02-05 00:00,0.0
,2008-02-06 00:00,0.0
,2008-02-07 00:00,0.0
,2008-02-08 00:00,0.0
,2008-02-09 00:00,0.0
,2008-02-10 00:00,0.0
,2008-02-11 00:00,0.0
,2008-02-12 00:00,0.0
,2008-02-13 00:00,0.0
,2008-02-14 00:00,0.0
,2008-02-15 00:00,0.0
,2008-02-16 00:00,0.0
,2008-02-17 00:00,0.0
,2008-02-18 00:00,0.0
,2008-02-19 00:00,0.0
,2008-02-20 00:00,0.0
,2008-02-21 00:00,0.0
,2008-02-22 00:00,0.0
,2008-02-23 00:00,0.0
,2008-02-24 00:00,0.0
,2008-02-25 00:00,0.0
,2008-02-26 00:00,0.0
,2008-02-27 00:00,0.0
,2008-02-28 00:00,0.0
,2008-02-29 00:00,0.0
,2008-03-01 00:00,0.0
,2008-03-02 00:00,0.0
,2008-03-03 00:00,0.0
,2008-03-04 00:00,0.0
,2008-03-05 00:00,0.0
,2008-03-06 00:00,0.0
,2008-03-07 00:00,0.0
,2008-03-08 00:00,0.0
,2008-03-09 00:00,0.0
,2008-03-10 00:00,0.0
,2008-03-11 00:00,0.0
,2008-03-12 00:00,0.0
,2008-03-13 00:00,0.0
,2008-03-14 00:00,0.0
,2008-03-15 00:00,0.0
,2008-03-16 00:00,0.0
,2008-03-17 00:00,0.0
,2008-03-18 00:00,0.0
,2008-03-19 00:00,0.0
,2008-03-20 00:00,0.0
,2008-03-21 00:00,0.0
,2008-03-22 00:00,0.0
,2008-03-23 00:00,0.0
,2008-03-24 00:00,0.0
,2008-03-25 00:00,0.0
,2008-03-26 00:00,0.0
,2008-03-27 00:00,0.0
,2008-03-28 00:00,0.0
,2008-03-29 00:00,0.0
,2008-03-30 00:00,0.0
,2008-03-31 00:00,0.0
,2008-04-01 00:00,0.0
,2008-04-02 00:00,0.0
,2008-04-03 00:00,0.0
,2008-04-04 00:00,0.0
,2008-04-05 00:00,0.0
,2008-04-06 00:00,0.0
,2008-04-07 00:00,0.0
,2008-04-08 00:00,0.0
,2008-04-09 00:00,0.0
,2008-04-10 00:00,0.0
,2008-04-11 00:00,0.0
,2008-04-12 00:00,0.0
,2008-04-13 00:00,0.0
,2008-04-14 00:00,0.0
,2008-04-15 00:00,0.0
,2008-04-16 00:00,0.0
,2008-04-17 00:00,0.0
,2008-04-18 00:00,0.0
,2008-04-19 00:00,0.0
,2008-04-20 00:00,0.0
,2008-04-21 00:00,0.0
,2008-04-22 00:00,0.0
,2008-04-23 00:00,0.0
,2008-04-24 00:00,0.0
,2008-04-25 00:00,0.0
,2008-04-26 00:00,0.0
,2008-04-27 00:00,0.0
,2008-04-28 00:00,0.0
,2008-04-29 00:00,0.0
,2008-04-30 00:00,0.0
,2008-05-01 00:00,0.0
,2008-05-02 00:00,0.0
,2008-05-03 00:00,0.0
,2008-05-04 00:00,0.0
,2008-05-05 00:00,0.0
,2008-05-06 00:00,0.0
,2008-05-07 00:00,0.0
,2008-05-08 00:00,0.0
,2008-05-09 00:00,0.0
,2008-05-10 00:00,0.0
,2008-05-11 00:00,0.0
,2008-05-12 00:00,0.0
,2008-05-13 00:00,0.0
,2008-05-14 00:00,0.0
,2008-05-15 00:00,0.0
,2008-05-16 00:00,0.0
,2008-05-17 00:00,0.0
,2008-05-18 00:00,19.941945194455542
,2008-05-19 00:00,0.0
,2008-05-20 00:00,13.5746466639647
,2008-05-21 00:00,11.573542343117225
,2008-05-22 00:00,4.137026793113421
,2008-05-23 00:00,6.323398508468301
,2008-05-24 00:00,6.135688027500066
,2008-05-25 00:00,8.77746357872158
,2008-05-26 00:00,15.297865094343308
,2008-05-27 00:00,22.069051283642864
,2008-05-28 00:00,23.32297465203166
,2008-05-29 00:00,23.824543999387146
,2008-05-30 00:00,26.081606062487026
,2008-05-31 00:00,15.160793938672299
,2008-06-01 00:00,11.293407097301866
,2008-06-02 00:00,8.111153635667733
,2008-06-03 00:00,14.796295746987823
,2008-06-04 00:00,21.679503764495195
,2008-06-05 00:00,11.03452564182146
,2008-06-06 00:00,17.304142483765418
,2008-06-07 00:00,21.31669726260958
,2008-06-08 00:00,14.796295746987823
,2008-06-09 00:00,18.056496504798673
,2008-06-10 00:00,22.821405304676148
,2008-06-11 00:00,26.33239073616477
,2008-06-12 00:00,19.776047241234863
,2008-06-13 00:00,19.37563904540329
,2008-06-14 00:00,37.16463660969387
,2008-06-15 00:00,19.522248164323514
,2008-06-16 00:00,25.46316756750622
,2008-06-17 00:00,11.293407097301838
,2008-06-18 00:00,13.793157052276769
,2008-06-19 00:00,27.586314104553566
,2008-06-20 00:00,1.0031386947110406
,2008-06-21 00:00,7.523540210332783
,2008-06-22 00:00,16.802573136409904
,2008-06-23 00:00,27.58631410455358
,2008-06-24 00:00,22.319835957320606
,2008-06-25 00:00,22.31983595732062
,2008-06-26 00:00,25.580036715131484
,2008-06-27 00:00,24.326113346742687
,2008-06-28 00:00,24.07532867306493
,2008-06-29 00:00,20.56434324157629
,2008-06-30 00:00,21.065912588931816
,2008-07-01 00:00,21.8182666099651
,2008-07-02 00:00,21.818266609965086
,2008-07-03 00:00,23.573759325709414
,2008-07-04 00:00,24.326113346742687
,2008-07-05 00:00,28.840237472942363
,2008-07-06 00:00,3.771874395939305
,2008-07-07 00:00,0.0
,2008-07-08 00:00,0.0
,2008-07-09 00:00,0.0
,2008-07-10 00:00,3.077606720609681
,2008-07-11 00:00,3.068307303668051
,2008-07-12 00:00,3.0837968468065515
,2008-07-13 00:00,0.0
,2008-07-14 00:00,0.0
,2008-07-15 00:00,0.0
,2008-07-16 00:00,0.0
,2008-07-17 00:00,3.0623377781412815
,2008-07-18 00:00,0.0
,2008-07-19 00:00,0.0
,2008-07-20 00:00,0.0
,2008-07-21 00:00,0.0
,2008-07-22 00:00,0.0
,2008-07-23 00:00,0.0
,2008-07-24 00:00,0.0
,2008-07-25 00:00,0.0
,2008-07-26 00:00,12.310426882438724
,2008-07-27 00:00,0.0
,2008-07-28 00:00,0.0
,2008-07-29 00:00,0.0
,2008-07-30 00:00,0.0
,2008-07-31 00:00,12.393698004064767
,2008-08-01 00:00,3.0877606375227815
,2008-08-02 00:00,0.0
,2008-08-03 00:00,0.0
,2008-08-04 00:00,0.0
,2008-08-05 00:00,0.0
,2008-08-06 00:00,0.0
,2008-08-07 00:00,0.0
,2008-08-08 00:00,0.0
,2008-08-09 00:00,0.0
,2008-08-10 00:00,0.0
,2008-08-11 00:00,0.0
,2008-08-12 00:00,0.0
,2008-08-13 00:00,3.0984245010161917
,2008-08-14 00:00,0.0
,2008-08-15 00:00,3.0920878539578225
,2008-08-16 00:00,0.0
,2008-08-17 00:00,12.341697989096557
,2008-08-18 00:00,0.0
,2008-08-19 00:00,3.0756819932130433
,2008-08-20 00:00,0.0
,2008-08-21 00:00,0.0
,2008-08-22 00:00,0.0
,2008-08-23 00:00,6.131992887843701
,2008-08-24 00:00,8.372484553213688
,2008-08-25 00:00,11.576543417092887
,2008-08-26 00:00,3.008505677196192
,2008-08-27 00:00,0.0
,2008-08-28 00:00,0.0
,2008-08-29 00:00,3.0705229332058472
,2008-08-30 00:00,0.0
,2008-08-31 00:00,0.0
,2008-09-01 00:00,3.0877606375227815
,2008-09-02 00:00,0.0
,2008-09-03 00:00,3.0794587969868363
,2008-09-04 00:00,0.0
,2008-09-05 00:00,0.0
,2008-09-06 00:00,0.0
,2008-09-07 00:00,0.0
,2008-09-08 00:00,0.0
,2008-09-09 00:00,3.0877606375227815
,2008-09-10 00:00,3.049738782030042
,2008-09-11 00:00,0.0
,2008-09-12 00:00,3.0584271509655183
,2008-09-13 00:00,3.0299575178882967
,2008-09-14 00:00,0.0
,2008-09-15 00:00,0.0
,2008-09-16 00:00,0.0
,2008-09-17 00:00,0.0
,2008-09-18 00:00,0.0
,2008-09-19 00:00,12.084558667515397
,2008-09-20 00:00,26.747528819612814
,2008-09-21 00:00,11.043552597862403
,2008-09-22 00:00,0.0
,2008-09-23 00:00,0.0
,2008-09-24 00:00,0.0
,2008-09-25 00:00,3.0414539526996904
,2008-09-26 00:00,3.0137976278694616
,2008-09-27 00:00,0.0
,2008-09-28 00:00,0.0
,2008-09-29 00:00,3.0057288385391705
,2008-09-30 00:00,18.27930142793005
,2008-10-01 00:00,0.0
,2008-10-02 00:00,0.0
,2008-10-03 00:00,0.0
,2008-10-04 00:00,0.0
,2008-10-05 00:00,0.0
,2008-10-06 00:00,0.0
,2008-10-07 00:00,0.0
,2008-10-08 00:00,0.0
,2008-10-09 00:00,0.0
,2008-10-10 00:00,0.0
,2008-10-11 00:00,3.03782788102992
,2008-10-12 00:00,0.0
,2008-10-13 00:00,2.9635352581434
,2008-10-14 00:00,0.0
,2008-10-15 00:00,5.700433827833055
,2008-10-16 00:00,0.0
,2008-10-17 00:00,0.0
,2008-10-18 00:00,0.0
,2008-10-19 00:00,0.0
,2008-10-20 00:00,0.0
,2008-10-21 00:00,5.756058600643553
,2008-10-22 00:00,0.0
,2008-10-23 00:00,0.0
,2008-10-24 00:00,0.0
,2008-10-25 00:00,2.924326381857914
,2008-10-26 00:00,0.6761023692383058
,2008-10-27 00:00,0.0
,2008-10-28 00:00,0.0
,2008-10-29 00:00,0.0
,2008-10-30 00:00,2.9544088983574968
,2008-10-31 00:00,1.1448615747305393
,2008-11-01 00:00,0.0
,2008-11-02 00:00,0.0
,2008-11-03 00:00,0.0
,2008-11-04 00:00,2.588337964002603
,2008-11-05 00:00,3.0094160841331163
,2008-11-06 00:00,9.02824825239935
,2008-11-07 00:00,10.031386947110388
,2008-11-08 00:00,12.288449010210227
,2008-11-09 00:00,1.973724156815026
,2008-11-10 00:00,0.0
,2008-11-11 00:00,0.0
,2008-11-12 00:00,6.0422793337576985
,2008-11-13 00:00,0.0
,2008-11-14 00:00,7.645507822041725
,2008-11-15 00:00,0.0
,2008-11-16 00:00,0.0
,2008-11-17 00:00,0.0
,2008-11-18 00:00,0.0
,2008-11-19 00:00,0.0
,2008-11-20 00:00,0.0
,2008-11-21 00:00,0.0
,2008-11-22 00:00,0.0
,2008-11-23 00:00,0.0
,2008-11-24 00:00,0.0
,2008-11-25 00:00,0.0
,2008-11-26 00:00,0.0
,2008-11-27 00:00,0.0
,2008-11-28 00:00,0.0
,2008-11-29 00:00,0.0
,2008-11-30 00:00,0.0
,2008-12-01 00:00,0.0
,2008-12-02 00:00,0.0
,2008-12-03 00:00,0.0
,2008-12-04 00:00,0.0
,2008-12-05 00:00,0.0
,2008-12-06 00:00,0.0
,2008-12-07 00:00,0.0
,2008-12-08 00:00,0.0
,2008-12-09 00:00,0.0
,2008-12-10 00:00,0.0
,2008-12-11 00:00,0.0
,2008-12-12 00:00,0.0
,2008-12-13 00:00,0.0
,2008-12-14 00:00,0.0
,2008-12-15 00:00,0.0
,2008-12-16 00:00,0.0
,2008-12-17 00:00,0.0
,2008-12-18 00:00,0.0
,2008-12-19 00:00,0.0
,2008-12-20 00:00,0.0
,2008-12-21 00:00,0.0
,2008-12-22 00:00,0.0
,2008-12-23 00:00,0.0
,2008-12-24 00:00,0.0
,2008-12-25 00:00,0.0
,2008-12-26 00:00,0.0
,2008-12-27 00:00,0.0
,2008-12-28 00:00,0.0
,2008-12-29 00:00,0.0
,2008-12-30 00:00,0.0
,2008-12-31 00:00,0.0
,2009-01-01 00:00,0.0
,2009-01-02 00:00,0.0
,2009-01-03 00:00,0.0
,2009-01-04 00:00,0.0
,2009-01-05 00:00,0.0
,2009-01-06 00:00,0.0
,2009-01-07 00:00,0.0
,2009-01-08 00:00,0.0
,2009-01-09 00:00,0.0
,2009-01-10 00:00,0.0
,2009-01-11 00:00,0.0
,2009-01-12 00:00,0.0
,2009-01-13 00:00,0.0
,2009-01-14 00:00,0.0
,2009-01-15 00:00,0.0
,2009-01-16 00:00,0.0
,2009-01-17 00:00,0.0
,2009-01-18 00:00,0.0
,2009-01-19 00:00,0.0
,2009-01-20 00:00,0.0
,2009-01-21 00:00,0.0
,2009-01-22 00:00,0.0
,2009-01-23 00:00,0.0
,2009-01-24 00:00,0.0
,2009-01-25 00:00,0.0
,2009-01-26 00:00,0.0
,2009-01-27 00:00,0.0
,2009-01-28 00:00,0.0
,2009-01-29 00:00,0.0
,2009-01-30 00:00,0.0
,2009-01-31 00:00,0.0
,2009-02-01 00:00,0.0
,2009-02-02 00:00,0.0
,2009-02-03 00:00,0.0
,2009-02-04 00:00,0.0
,2009-02-05 00:00,0.0
,2009-02-06 00:00,0.0
,2009-02-07 00:00,0.0
,2009-02-08 00:00,0.0
,2009-02-09 00:00,0.0
,2009-02-10 00:00,0.0
,2009-02-11 00:00,0.0
,2009-02-12 00:00,0.0
,2009-02-13 00:00,0.0
,2009-02-14 00:00,0.0
,2009-02-15 00:00,0.0
,2009-02-16 00:00,0.0
,2009-02-17 00:00,0.0
,2009-02-18 00:00,0.0
,2009-02-19 00:00,0.0
,2009-02-20 00:00,0.0
,2009-02-21 00:00,0.0
,2009-02-22 00:00,0.0
,2009-02-23 00:00,0.0
,2009-02-24 00:00,0.0
,2009-02-25 00:00,0.0
,2009-02-26 00:00,0.0
,2009-02-27 00:00,0.0
,2009-02-28 00:00,0.0
,2009-03-01 00:00,0.0
,2009-03-02 00:00,0.0
,2009-03-03 00:00,0.0
,2009-03-04 00:00,0.0
,2009-03-05 00:00,0.0
,2009-03-06 00:00,0.0
,2009-03-07 00:00,0.0
,2009-03-08 00:00,0.0
,2009-03-09 00:00,0.0
,2009-03-10 00:00,0.0
,2009-03-11 00:00,0.0
,2009-03-12 00:00,0.0
,2009-03-13 00:00,0.0
,2009-03-14 00:00,0.0
,2009-03-15 00:00,0.0
,2009-03-16 00:00,0.0
,2009-03-17 00:00,0.0
,2009-03-18 00:00,0.0
,2009-03-19 00:00,0.0
,2009-03-20 00:00,0.0
,2009-03-21 00:00,0.0
,2009-03-22 00:00,0.0
,2009-03-23 00:00,0.0
,2009-03-24 00:00,0.0
,2009-03-25 00:00,0.0
,2009-03-26 00:00,0.0
,2009-03-27 00:00,0.0
,2009-03-28 00:00,0.0
,2009-03-29 00:00,0.0
,2009-03-30 00:00,0.0
,2009-03-31 00:00,0.0
,2009-04-01 00:00,0.0
,2009-04-02 00:00,0.0
,2009-04-03 00:00,0.0
,2009-04-04 00:00,0.0
,2009-04-05 00:00,0.0
,2009-04-06 00:00,0.0
,2009-04-07 00:00,0.0
,2009-04-08 00:00,0.0
,2009-04-09 00:00,0.0
,2009-04-10 00:00,0.0
,2009-04-11 00:00,0.0
,2009-04-12 00:00,0.0
,2009-04-13 00:00,0.0
,2009-04-14 00:00,0.0
,2009-04-15 00:00,0.0
,2009-04-16 00:00,0.0
,2009-04-17 00:00,0.0
,2009-04-18 00:00,0.0
,2009-04-19 00:00,0.0
,2009-04-20 00:00,0.0
,2009-04-21 00:00,0.0
,2009-04-22 00:00,0.0
,2009-04-23 00:00,0.0
,2009-04-24 00:00,0.0
,2009-04-25 00:00,0.0
,2009-04-26 00:00,0.0
,2009-04-27 00:00,0.0
,2009-04-28 00:00,0.0
,2009-04-29 00:00,0.0
,2009-04-30 00:00,0.0
,2009-05-01 00:00,0.0
,2009-05-02 00:00,0.0
,2009-05-03 00:00,16.553745014423185
,2009-05-04 00:00,17.80571183112093
,2009-05-05 00:00,19.375639045403318
,2009-05-06 00:00,0.0
,2009-05-07 00:00,0.0
,2009-05-08 00:00,15.668358616698043
,2009-05-09 00:00,13.793157052276769
,2009-05-10 00:00,12.539233683888
,2009-05-11 00:00,11.293407097301838
,2009-05-12 00:00,29.41834166070572
,2009-05-13 00:00,9.69469074522658
,2009-05-14 00:00,13.298935265181797
,2009-05-15 00:00,9.729822964934698
,2009-05-16 00:00,17.053357810087675
,2009-05-17 00:00,16.802573136409876
,2009-05-18 00:00,6.713971512348792
,2009-05-19 00:00,6.520401515621728
,2009-05-20 00:00,10.031386947110377
,2009-05-21 00:00,19.56120454686527
,2009-05-22 00:00,20.062773894220783
,2009-05-23 00:00,6.520401515621728
,2009-05-24 00:00,18.808850525831986
,2009-05-25 00:00,15.297865094343337
,2009-05-26 00:00,17.304142483765418
,2009-05-27 00:00,20.062773894220783
,2009-05-28 00:00,22.57062063099835
,2009-05-29 00:00,25.090246747609314
,2009-05-30 00:00,19.059635199509756
,2009-05-31 00:00,16.301003789054363
,2009-06-01 00:00,16.551788462732148
,2009-06-02 00:00,16.468204515679957
,2009-06-03 00:00,25.782176720929613
,2009-06-04 00:00,21.397383450428947
,2009-06-05 00:00,10.031386947110391
,2009-06-06 00:00,9.279032926077107
,2009-06-07 00:00,13.29158770492127
,2009-06-08 00:00,20.430914104253063
,2009-06-09 00:00,16.978500474698293
,2009-06-10 00:00,16.301003789054377
,2009-06-11 00:00,25.782176720929627
,2009-06-12 00:00,18.470940935519266
,2009-06-13 00:00,20.430914104253063
,2009-06-14 00:00,18.808850525831986
,2009-06-15 00:00,22.570620630998377
,2009-06-16 00:00,19.059635199509735
,2009-06-17 00:00,11.573542343117197
,2009-06-18 00:00,17.72589382059398
,2009-06-19 00:00,20.455889694599065
,2009-06-20 00:00,23.35713441693857
,2009-06-21 00:00,27.673842600387857
,2009-06-22 00:00,12.539233683887979
,2009-06-23 00:00,22.570620630998373
,2009-06-24 00:00,20.313558567898536
,2009-06-25 00:00,22.517761309366676
,2009-06-26 00:00,21.043811679044296
,2009-06-27 00:00,21.31669726260957
,2009-06-28 00:00,19.776047241234863
,2009-06-29 00:00,4.33175836380776
,2009-06-30 00:00,0.0
,2009-07-01 00:00,0.0
,2009-07-02 00:00,0.0
,2009-07-03 00:00,0.0
,2009-07-04 00:00,0.0
,2009-07-05 00:00,0.0
,2009-07-06 00:00,6.1055482473974445
,2009-07-07 00:00,0.0
,2009-07-08 00:00,3.0837968468065515
,2009-07-09 00:00,0.0
,2009-07-10 00:00,3.0885126997456385
,2009-07-11 00:00,9.280311234090144
,2009-07-12 00:00,3.078541581436379
,2009-07-13 00:00,3.078541581436379
,2009-07-14 00:00,18.342378523603397
,2009-07-15 00:00,3.0610634825304204
,2009-07-16 00:00,0.0
,2009-07-17 00:00,0.0
,2009-07-18 00:00,3.1023167706418606
,2009-07-19 00:00,0.0
,2009-07-20 00:00,0.0
,2009-07-21 00:00,6.193253659081299
,2009-07-22 00:00,3.093437078030048
,2009-07-23 00:00,6.1944705766011054
,2009-07-24 00:00,0.0
,2009-07-25 00:00,0.0
,2009-07-26 00:00,0.0
,2009-07-27 00:00,0.0
,2009-07-28 00:00,0.0
,2009-07-29 00:00,0.0
,2009-07-30 00:00,0.0
,2009-07-31 00:00,0.0
,2009-08-01 00:00,0.0
,2009-08-02 00:00,0.0
,2009-08-03 00:00,0.0
,2009-08-04 00:00,0.0
,2009-08-05 00:00,3.077606720609681
,2009-08-06 00:00,3.057063087267233
,2009-08-07 00:00,3.0659964439218506
,2009-08-08 00:00,12.128031048655076
,2009-08-09 00:00,0.0
,2009-08-10 00:00,12.233708603862073
,2009-08-11 00:00,0.0
,2009-08-12 00:00,0.0
,2009-08-13 00:00,0.0
,2009-08-14 00:00,0.0
,2009-08-15 00:00,0.0
,2009-08-16 00:00,0.0
,2009-08-17 00:00,0.0
,2009-08-18 00:00,0.0
,2009-08-19 00:00,0.0
,2009-08-20 00:00,0.0
,2009-08-21 00:00,0.0
,2009-08-22 00:00,0.0
,2009-08-23 00:00,3.0940954754187193
,2009-08-24 00:00,6.134328311513686
,2009-08-25 00:00,6.051354665059232
,2009-08-26 00:00,0.0
,2009-08-27 00:00,0.0
,2009-08-28 00:00,0.0
,2009-08-29 00:00,0.0
,2009-08-30 00:00,0.0
,2009-08-31 00:00,0.0
,2009-09-01 00:00,0.0
,2009-09-02 00:00,3.093437078030048
,2009-09-03 00:00,6.164218832594682
,2009-09-04 00:00,0.0
,2009-09-05 00:00,3.032007762163769
,2009-09-06 00:00,0.0
,2009-09-07 00:00,0.0
,2009-09-08 00:00,0.0
,2009-09-09 00:00,6.116854301931037
,2009-09-10 00:00,0.0
,2009-09-11 00:00,0.0
,2009-09-12 00:00,0.0
,2009-09-13 00:00,0.0
,2009-09-14 00:00,0.0
,2009-09-15 00:00,0.0
,2009-09-16 00:00,0.0
,2009-09-17 00:00,0.0
,2009-09-18 00:00,0.0
,2009-09-19 00:00,0.0
,2009-09-20 00:00,0.0
,2009-09-21 00:00,0.0
,2009-09-22 00:00,0.0
,2009-09-23 00:00,6.10847547330998
,2009-09-24 00:00,6.134328311513686
,2009-09-25 00:00,0.0
,2009-09-26 00:00,0.0
,2009-09-27 00:00,0.0
,2009-09-28 00:00,0.0
,2009-09-29 00:00,0.0
,2009-09-30 00:00,6.027595255738923

